aahs	s
abandoned	P
abandons	s
abashed	P
abated	P
abates	s
abbreviated	P
abdicated	P
abdicates	S
abducted	P
abducts	S
abets	s
abetted	P
abhorred	P
abhors	S
abides	S
abit	P
abjured	P
ablated	P
abled	P
ables	S
abodes	s
abolished	P
abolishes	S
aborted	P
aborts	s
abounded	P
abounds	S
abraded	P
abridged	P
abrogated	P
abrogates	S
abs	s
abscessed	P
abscesses	s
absconded	P
absconds	S
absolved	P
absolves	S
absorbed	P
absorbs	S
abstained	P
abstains	S
abstracted	P
abstracts	s
abused	P
abuses	S
abuts	S
abutted	P
acceded	P
accelerated	P
accelerates	S
accented	P
accents	s
accentuated	P
accentuates	S
accepted	P
accepts	S
accessed	P
accesses	S
accessions	s
accessorized	P
acclaimed	P
acclimated	P
acclimatised	P
acclimatized	P
accolades	s
accommodated	P
accommodates	S
accompanied	P
accompanies	S
accomplished	P
accomplishes	S
accorded	P
accordions	s
accords	s
accosted	P
accounted	P
accounts	s
accredited	P
accredits	S
accreted	P
accrued	P
accrues	s
acculturated	P
accumulated	P
accumulates	S
accursed	P
accused	P
accuses	S
accustomed	P
aced	P
aces	s
acetylated	P
ached	P
aches	s
achieved	P
achieves	S
acidified	P
acknowledged	P
acknowledges	S
acquainted	P
acquiesced	P
acquiesces	S
acquired	P
acquires	S
acquits	S
acquitted	P
acronyms	s
acted	P
actes	S
actioned	P
actions	s
activated	P
activates	S
acts	S
actualized	P
actuated	P
ad	P
adapted	P
adapts	S
added	P
addends	s
addicted	P
addicts	s
addled	P
addressed	P
addresses	s
adds	s
adduced	P
adducts	s
adhered	P
adheres	S
adjectives	s
adjoined	P
adjoins	S
adjourned	P
adjourns	S
adjudged	P
adjudicated	P
adjudicates	S
adjusted	P
adjusts	S
adlibs	s
administered	P
administers	S
administrated	P
admins	S
admired	P
admires	S
admits	S
admitted	P
admixed	P
admonished	P
admonishes	S
adopted	P
adopts	S
adored	P
adores	S
adorned	P
adorns	s
adsorbed	P
adulterated	P
adults	s
advanced	P
advances	s
advantaged	P
advantages	S
adventures	S
adverbs	s
advertised	P
advertises	S
adverts	s
advised	P
advises	S
advocated	P
advocates	s
aerated	P
aeroplanes	s
aerosolized	P
aerosols	s
affected	P
affections	S
affects	s
affiliated	P
affiliates	s
affirmed	P
affirms	S
affixed	P
affixes	s
afflicted	P
afflicts	S
afforded	P
affords	S
affronted	P
affronts	s
afterthoughts	s
aged	P
ages	S
agglomerated	P
aggravated	P
aggravates	S
aggregated	P
aggregates	S
aggrieved	P
agitated	P
agitates	S
agonised	P
agonized	P
agreed	P
agrees	S
ahed	P
ahs	s
aided	P
aides	s
aids	s
ailed	P
ails	s
aimed	P
aims	s
airbrushed	P
aird	P
airdropped	P
airdrops	s
aired	P
aires	s
airlifted	P
airlifts	S
airplanes	s
airs	s
airships	s
airstrikes	s
alarmed	P
alarms	s
alerted	P
alerts	s
aliased	P
aliases	S
alibis	s
alienated	P
alienates	s
aliens	s
alighted	P
alights	S
aligned	P
aligns	S
aliquots	s
alkylated	P
allayed	P
alleged	P
alleges	S
alleviated	P
alleviates	S
alliances	S
allied	P
allies	s
alligators	s
allocated	P
allocates	S
allografts	s
allots	S
allotted	P
allowances	S
allowed	P
allows	S
alloyed	P
alloys	s
alluded	P
alludes	S
alphabetized	P
alphabets	s
altered	P
alternated	P
alternates	s
alters	s
aluminized	P
alums	S
am	S
amalgamated	P
amalgams	s
amassed	P
amasses	s
amazed	P
amazes	S
ambers	s
ambitions	s
ambled	P
ambles	s
ambulances	s
ambushed	P
ambushes	s
ameliorated	P
amended	P
amends	s
ammunitions	s
amnesties	S
amortized	P
amounted	P
amounts	s
amped	P
amplified	P
amplifies	S
amps	s
amputated	P
amused	P
amuses	S
anaesthetised	P
anagrams	s
analysed	P
analyses	S
analyzed	P
analyzes	S
ancestors	s
anchored	P
anchors	s
ands	s
anecdotes	s
anesthetized	P
angels	s
angered	P
angers	s
angled	P
angles	s
anglicised	P
anglicized	P
anguished	P
angulated	P
animated	P
animates	S
ankles	s
annealed	P
annexed	P
annexes	s
annihilated	P
annihilates	S
annotated	P
announced	P
announces	S
annoyed	P
annoys	s
annualised	P
annualized	P
annulled	P
annuls	S
anodized	P
anointed	P
anoints	S
anonymised	P
anonymized	P
answered	P
answers	s
antagonised	P
antagonized	P
antagonizes	S
antes	s
anthems	s
anthologized	P
anthropomorphized	P
anticipated	P
anticipates	S
antics	s
antidotes	S
antiquated	P
antiqued	P
antiques	s
ants	s
anvils	s
aped	P
apes	s
aphorisms	s
apologised	P
apologises	S
apologized	P
apologizes	S
appalled	P
apparels	S
appealed	P
appeals	s
appeared	P
appears	S
appeased	P
appeases	S
appended	P
appends	s
applauded	P
applauds	s
apples	s
applied	P
applies	S
appliques	S
appointed	P
appoints	S
apportioned	P
apposed	P
appraised	P
appreciated	P
appreciates	S
apprehended	P
apprehends	S
apprenticed	P
apprentices	s
appressed	P
apprised	P
approached	P
approaches	s
appropriated	P
appropriates	S
approved	P
approves	S
approximated	P
approximates	S
aprons	S
arbiters	s
arbitrated	P
arbs	S
arced	P
arched	P
arches	s
archetypes	s
architects	s
archived	P
archives	s
arcs	s
are	S
ared	P
aren't	S
argued	P
argues	S
arguments	s
arises	s
armatures	s
armchairs	s
armed	P
armored	P
armors	s
armoured	P
armours	s
arms	s
arose	P
aroused	P
arouses	S
arraigned	P
arranged	P
arranges	S
arrayed	P
arrays	s
arrested	P
arrests	s
arrived	P
arrives	S
arrowed	P
arrows	s
arsed	P
arses	s
arsons	s
articled	P
articles	S
articulated	P
articulates	s
artifices	S
as	S
ascended	P
ascends	S
ascertained	P
ascribed	P
ascribes	S
ashamed	P
ashes	S
asked	P
asks	s
aspects	s
asphyxiated	P
aspirated	P
aspired	P
aspires	S
assailed	P
assails	S
assassinated	P
assassinates	s
assassins	s
assaulted	P
assaults	s
assayed	P
assays	s
assembled	P
assembles	S
assented	P
asserted	P
asserts	s
assessed	P
assesses	S
assigned	P
assigns	s
assimilated	P
assimilates	S
assisted	P
assists	s
assizes	s
associated	P
associates	s
assorted	P
assuaged	P
assumed	P
assumes	S
assured	P
assures	S
asterisks	s
astonished	P
astonishes	S
astounded	P
astounds	S
ate	P
atomized	P
atoned	P
atrophied	P
atrophies	S
ats	s
attached	P
attaches	s
attacked	P
attacks	s
attained	P
attains	S
attainted	P
attempted	P
attempts	s
attended	P
attends	S
attenuated	P
attenuates	S
attested	P
attests	S
attired	P
attires	S
attitudes	S
attorneys	s
attracted	P
attracts	S
attributed	P
attributes	s
attuned	P
auctioned	P
auctioneers	s
auctions	s
audibles	s
audiotapes	s
audited	P
auditioned	P
auditions	s
audits	s
augers	s
aughts	s
augmented	P
augments	s
augurs	s
aunties	s
authenticated	P
authenticates	S
authored	P
authorised	P
authorises	S
authorized	P
authorizes	S
authors	s
autoclaves	s
autocorrected	P
autographed	P
autographs	s
automated	P
automates	S
automobiles	s
autopilots	s
autopsied	P
autopsies	s
autos	s
autotuned	P
availed	P
avails	s
avalanches	s
avenged	P
avenges	s
averaged	P
averages	s
averred	P
avers	s
averted	P
averts	S
aviles	S
avoided	P
avoids	S
avowed	P
awaited	P
awaits	s
awakes	S
awarded	P
awards	s
aways	S
awed	P
awes	S
awestruck	P
awoke	P
axed	P
axes	s
baas	s
babbled	P
babbles	S
babied	P
babies	s
babs	s
babysat	P
babysits	S
backdated	P
backdoors	s
backdrops	s
backed	P
backfilled	P
backfired	P
backfires	s
backflips	s
backgrounds	s
backhanded	P
backhands	s
backhoes	s
backlinks	s
backlogged	P
backlogs	s
backpacked	P
backpacks	s
backs	s
backstabbed	P
backstopped	P
backtracked	P
backtracks	s
backups	s
backwaters	s
badd	P
bade	P
badged	P
badgered	P
badgers	s
badges	s
bads	s
baffled	P
baffles	s
bagels	s
bagged	P
bagpipes	s
bailed	P
bails	s
baited	P
baits	s
baked	P
bakes	s
balanced	P
balances	s
baled	P
bales	S
balked	P
balks	s
ballads	s
ballasted	P
ballasts	s
balled	P
ballets	s
ballooned	P
balloons	S
balloted	P
ballots	s
ballparks	s
ballrooms	s
balms	s
bamboos	s
bamboozled	P
bams	s
bandaged	P
bandages	s
banded	P
bandicoots	s
bandied	P
bandits	s
bands	s
banes	S
banged	P
bangles	s
bangs	s
banished	P
banishes	S
banisters	s
banjos	s
banked	P
bankrolled	P
bankrolls	s
bankrupted	P
bankrupts	s
banks	s
banned	P
banners	s
banquets	s
bans	s
bantered	P
baps	s
baptised	P
baptized	P
barbecued	P
barbecues	S
barbed	P
barbeques	S
barbers	S
barbs	s
bards	s
bared	P
bares	s
barfed	P
bargained	P
bargains	s
barged	P
barges	s
barked	P
barks	s
barnacles	s
barneys	s
barns	s
barracks	s
barraged	P
barrages	s
barred	P
barrelled	P
barrels	s
barrettes	s
barricaded	P
barricades	s
barriers	s
bars	S
bartered	P
based	P
baselines	s
bases	s
bashed	P
bashes	s
basins	s
basked	P
baskets	s
basks	S
basses	s
bassoons	s
bastardized	P
bastards	s
basted	P
bastions	s
batches	s
bated	P
bates	S
bathed	P
bathes	s
baths	s
batmans	S
batons	s
bats	s
battalions	s
batted	P
battened	P
battens	s
battered	P
batters	S
battled	P
battles	s
baulked	P
bawled	P
bawls	s
bayoneted	P
bayonets	s
bays	s
beached	P
beaches	s
beacons	s
beaded	P
beads	s
beagles	s
beaked	P
beaks	s
beals	s
beamed	P
beams	s
beaned	P
beans	s
bearded	P
beards	s
bears	s
beasts	s
beatified	P
beats	s
beauties	s
beautified	P
becalmed	P
became	P
beckoned	P
beckons	s
becks	s
becomes	S
bedazzled	P
bedded	P
bedecked	P
bedeviled	P
bedraggled	P
beds	s
beefed	P
beefs	s
beehives	s
beeped	P
beeps	s
beers	S
beetles	s
beetroots	s
befalls	s
befell	P
befits	S
befriended	P
befriends	S
befuddled	P
began	P
begets	S
beggars	s
begged	P
begins	s
begot	P
begrudged	P
begs	s
beguiled	P
behaved	P
behaves	S
beheaded	P
beheads	S
beheld	P
beholds	S
behooves	S
behoves	S
bejewelled	P
belated	P
belched	P
belches	s
beleaguered	P
belied	P
belies	s
believed	P
believes	S
belittled	P
belittles	S
bellied	P
bellies	s
bellowed	P
bells	s
belonged	P
belongs	S
beloved	P
belted	P
belts	S
bemoaned	P
bemoans	S
bemused	P
benched	P
benches	s
benchmarked	P
benchmarks	s
bends	s
benefices	s
benefited	P
benefits	S
benighted	P
bennies	s
bent	P
bequeathed	P
bequeaths	S
bequests	s
berated	P
berates	S
bereaved	P
berms	s
berried	P
berries	s
berthed	P
berths	s
beseeched	P
besieged	P
besmirched	P
besotted	P
besought	P
bespeaks	s
bespoke	P
bested	P
bestowed	P
bestows	S
bests	s
betas	s
betrayed	P
betrays	S
betrothed	P
bets	s
bettered	P
betters	s
bevelled	P
bevels	s
bewildered	P
bewilders	S
bewitched	P
biased	P
biases	S
bibs	s
bickered	P
bickers	s
bicycles	s
bides	S
bids	s
bifurcated	P
bifurcates	S
biggers	S
biggs	s
bigs	s
biked	P
bikes	s
biles	S
bilges	S
bilked	P
billed	P
billeted	P
billets	s
billowed	P
billows	s
bills	s
binds	s
binged	P
binges	s
binned	P
bins	s
biographies	S
biopsied	P
biopsies	s
birches	S
birdied	P
birdies	s
birds	s
birthdays	s
birthed	P
birthers	s
births	s
bisected	P
bisects	s
bishops	s
bitched	P
bitches	s
bites	S
bits	s
bitters	S
bivouacked	P
blabbed	P
blackballed	P
blackberries	s
blackbirds	s
blackboards	s
blacked	P
blackened	P
blackjacks	S
blacklisted	P
blacklists	s
blackmailed	P
blackmails	s
blacks	s
blacksmiths	s
bladders	s
bladed	P
blades	S
blahs	s
blakes	S
blamed	P
blames	S
blanched	P
blancos	S
blanked	P
blanketed	P
blankets	s
blanks	s
blared	P
blares	S
blasphemed	P
blasted	P
blasts	s
blazed	P
blazes	s
blazoned	P
bleached	P
bleaches	S
blears	S
bleats	s
bled	P
bleeds	s
bleeped	P
bleeps	s
blemished	P
blemishes	s
blended	P
blends	S
blesses	S
blest	P
blew	P
blighted	P
blights	s
blimps	s
blinded	P
blinders	s
blindfolded	P
blindfolds	s
blinds	s
blindsided	P
blinked	P
blinkered	P
blinkers	s
blinks	s
blips	s
blistered	P
blisters	S
blitzed	P
blitzes	S
blizzards	s
bloated	P
blobs	s
blockaded	P
blockades	s
blocked	P
blockheads	s
blocks	s
blogged	P
blogs	s
blonds	s
blooded	P
bloodied	P
bloods	s
bloomed	P
blooms	S
bloops	s
blossomed	P
blossoms	s
blotched	P
blotches	s
blots	s
blotted	P
blouses	s
blows	s
bludgeoned	P
bludgeons	s
blueberries	S
blued	P
blueprints	s
blues	S
bluffed	P
bluffs	S
blundered	P
blunders	s
blunted	P
blunts	s
blurbs	s
blurred	P
blurs	s
blurted	P
blurts	s
blushed	P
blushes	S
boarded	P
boards	S
boardwalks	s
boasted	P
boasts	s
boats	s
bobbed	P
bobbled	P
bobbles	s
bobs	s
bodes	s
bodied	P
bodies	s
bodyguards	s
bogans	s
bogeyed	P
bogeys	s
bogged	P
boggled	P
boggles	s
bogs	s
boiled	P
boils	s
bolded	P
boldfaced	P
bolos	s
bolstered	P
bolsters	S
bolted	P
bolters	s
bolts	s
bombarded	P
bombards	s
bombed	P
bombs	s
bonded	P
bonds	s
boned	P
bones	s
bonfires	s
bongos	s
bongs	s
bonked	P
bonks	s
bonnets	s
bonuses	s
boobed	P
boobies	s
boobs	s
booed	P
boogies	s
booked	P
bookended	P
bookends	s
bookmarked	P
bookmarks	s
bookplates	s
books	S
boomed	P
boomerangs	s
booms	s
boondocks	s
boops	s
boos	s
boosted	P
boosts	s
booted	P
bootlegged	P
bootlegs	s
boots	S
bootstrapped	P
bootstraps	s
boozed	P
bopped	P
bops	s
bordered	P
borderlines	s
borders	s
bored	P
boreholes	s
bores	s
borked	P
borned	P
borns	s
borrowed	P
borrows	s
bosoms	s
bossed	P
bosses	s
botched	P
botches	s
bothered	P
bothers	s
bots	s
bottled	P
bottlenecks	s
bottles	s
bottomed	P
bottoms	s
bouches	s
bought	P
boulders	s
boules	S
bounced	P
bounces	S
bounded	P
bounds	s
bouts	s
bowed	P
bowels	s
bowers	s
bowled	P
bowls	s
bows	s
boxcars	S
boxed	P
boxes	s
boycotted	P
boycotts	s
boyd	P
boyes	s
boyles	s
boys	s
braced	P
bracelets	s
braces	s
bracketed	P
brackets	s
brads	s
bragged	P
brags	s
braided	P
braids	s
brained	P
brains	S
brainstormed	P
brainwashed	P
brainwashes	S
braised	P
braked	P
brakes	s
branched	P
branches	s
branded	P
brandies	S
brandished	P
brandishes	s
brands	s
brasses	s
braved	P
braves	s
bravos	s
brawled	P
brawls	s
brays	s
brazed	P
breached	P
breaches	s
breadcrumbs	s
breaded	P
breads	S
breakfasts	s
breakpoints	s
breaks	s
breasted	P
breastfed	P
breastfeeds	S
breasts	s
breathed	P
breathes	s
breaths	s
bred	P
breeches	S
breeds	s
breezed	P
breezes	s
brewed	P
brews	s
briand	P
brians	S
bribed	P
bribes	s
brickbats	s
bricked	P
bricks	s
brides	s
bridesmaids	s
bridged	P
bridges	S
bridled	P
bridles	s
briefed	P
briefs	s
brigades	s
brightened	P
brightens	S
brimmed	P
brims	s
brined	P
brines	S
brings	S
briquettes	s
bristled	P
bristles	s
brits	S
broached	P
broaches	s
broadcasts	s
broadened	P
broadens	S
broadsides	s
brocades	S
brogues	s
broiled	P
brokered	P
brokers	S
brominated	P
bronzed	P
bronzes	S
brooches	s
brooded	P
broods	s
brooks	s
brooms	s
brothers	s
brought	P
browed	P
browned	P
browns	s
brows	s
browsed	P
browses	s
bruised	P
bruises	s
brunches	S
brushed	P
brushes	S
brutalised	P
brutalized	P
brutes	s
bubbled	P
bubbles	s
bubs	S
buccaneers	s
bucked	P
buckets	s
buckled	P
buckles	s
bucks	s
buddies	s
budged	P
budgeted	P
budgets	s
buds	S
buffaloes	s
buffed	P
buffered	P
buffers	s
buffeted	P
buffets	s
buffoons	s
buffs	S
bugbears	s
bugged	P
buggered	P
buggers	s
bugles	s
bugs	s
builds	S
built	P
bulbs	s
bulged	P
bulges	s
bulked	P
bulks	s
bulldogs	s
bulldozed	P
bulldozers	s
bulleted	P
bulletins	s
bullets	s
bullied	P
bullies	S
bullocks	s
bulls	s
bullshits	S
bullshitted	P
bulwarks	s
bummed	P
bumped	P
bumpers	s
bumps	s
bums	s
bunched	P
bunches	S
bundled	P
bundles	s
bunds	s
bunged	P
bungled	P
bungles	s
bunked	P
bunkered	P
bunkers	s
bunks	s
buns	s
bunted	P
bunts	s
buoyed	P
buoys	S
burdened	P
burdens	s
burgeoned	P
burglarized	P
burglars	s
burgled	P
buried	P
buries	s
burkes	s
burks	S
burned	P
burnished	P
burns	S
burped	P
burps	s
burrowed	P
burrows	s
burrs	s
bursts	s
bushed	P
bushels	s
bushes	s
busied	P
bussed	P
busses	s
busted	P
bustled	P
bustles	S
busts	s
butchered	P
butchers	s
butlers	s
buts	s
butted	P
buttered	P
butterflies	s
butters	S
buttoned	P
buttonholes	s
buttons	s
buttressed	P
buttresses	s
butts	s
buys	s
buzzed	P
buzzes	s
bylines	s
bypassed	P
bypasses	S
cabals	s
cabbages	S
cabins	s
cabled	P
cables	s
cabs	s
cached	P
caches	s
cackled	P
cackles	S
caddied	P
caddies	s
cadences	S
cades	s
caffeinated	P
caged	P
cages	s
cahoots	s
caird	P
cajoled	P
caked	P
cakes	S
calcified	P
calcined	P
calculated	P
calculates	S
calendars	s
calenders	s
calibrated	P
called	P
callipers	s
calls	s
callused	P
calluses	s
calmed	P
calms	s
calved	P
calves	S
cambered	P
camcorders	S
came	P
cameos	s
camos	s
camouflaged	P
camouflages	S
campaigned	P
campaigns	s
camped	P
camps	s
campuses	s
cams	s
canals	s
canaries	S
cancelled	P
cancels	s
cand	P
candidates	s
candied	P
candies	s
candles	s
candlesticks	s
caned	P
canes	s
canisters	s
cankers	s
canned	P
cannibalized	P
cannonballs	s
cannons	S
canoes	s
canonised	P
canonized	P
canopied	P
canopies	s
cans	s
canted	P
cantered	P
cantilevered	P
cantilevers	s
cantons	s
cants	S
canvases	S
canvassed	P
canvasses	s
caped	P
capers	s
capes	s
capitalised	P
capitalized	P
capitalizes	S
capitulated	P
capitulates	S
capped	P
caps	s
capsized	P
capsizes	S
capsules	s
captained	P
captains	s
captioned	P
captions	s
captivated	P
captivates	S
captives	s
captured	P
captures	S
caramelised	P
caramelized	P
caramels	S
caravans	s
carbonated	P
carbonates	s
carbonized	P
carbons	s
carboys	s
carbureted	P
carded	P
cards	S
cared	P
careened	P
careers	s
cares	S
caressed	P
caresses	s
caricatured	P
caricatures	s
caries	S
carjacked	P
carls	s
carnies	S
carols	s
carousels	s
carpenters	s
carpeted	P
carpets	s
carpools	S
carps	s
carried	P
carries	s
carrots	s
carted	P
cartons	s
cartoons	S
carts	s
cartwheels	s
carved	P
carves	s
cascaded	P
cascades	s
cased	P
cases	s
cashed	P
cashes	S
cashiered	P
cashiers	s
caskets	S
casks	s
casseroles	s
castellated	P
casters	s
castigated	P
castles	s
castrated	P
casts	s
cataloged	P
catalogs	s
catalogued	P
catalogues	s
catalysed	P
catalyses	S
catalyzed	P
catalyzes	S
catapulted	P
catapults	S
catcalled	P
catcalls	s
catches	S
catchments	s
categorised	P
categorized	P
categorizes	S
catered	P
caters	s
catfished	P
catfishes	S
cats	s
caucuses	s
caught	P
caulked	P
caused	P
causes	S
causeways	s
cauterized	P
cautioned	P
cautions	s
cavaliers	s
caveats	s
caved	P
caverns	s
caves	s
caws	s
ceased	P
ceases	S
ceded	P
cedes	S
celebrated	P
celebrates	S
cellars	s
celled	P
cellphones	s
cells	s
cemented	P
cements	s
censored	P
censors	s
censured	P
censures	S
censuses	S
centered	P
centers	s
centralised	P
centralized	P
centred	P
centres	s
centrifuged	P
centrifuges	S
ceres	s
certificated	P
certificates	s
certified	P
certifies	S
chafed	P
chafes	S
chagrined	P
chained	P
chains	s
chainsaws	s
chaired	P
chairs	S
chalked	P
chalks	s
challenged	P
challenges	s
chambered	P
chambers	s
chamfered	P
champagnes	S
championed	P
champions	s
champs	s
chanced	P
chances	S
changed	P
changes	S
channelized	P
channelled	P
channels	s
chanted	P
chants	S
chapels	s
chaperoned	P
chaperones	s
chapped	P
chaps	s
chapters	s
characterised	P
characterises	S
characterized	P
characterizes	S
characters	s
charades	s
charged	P
charges	S
chariots	s
charmed	P
charms	S
charred	P
chars	s
charted	P
chartered	P
charters	s
charts	S
chased	P
chases	S
chastened	P
chastised	P
chastises	S
chats	S
chatted	P
chattered	P
chatters	S
chauffeured	P
chauffeurs	s
cheapened	P
cheapens	S
cheated	P
cheats	s
checked	P
checkered	P
checkers	s
checkmated	P
checkpoints	s
checks	s
checksums	S
cheddars	S
cheeked	P
cheeks	s
cheered	P
cheers	S
cheesed	P
cheeses	S
chefs	s
chelated	P
chequered	P
chequers	s
cherished	P
cherishes	S
chested	P
chests	s
chevrons	s
chewed	P
chews	S
chibs	s
chicanes	S
chickened	P
chickens	S
chicks	s
chid	P
chides	S
chiefs	s
childs	s
chilled	P
chills	s
chimed	P
chimes	s
chimneys	s
chimps	s
chines	s
chinks	s
chinned	P
chins	s
chipmunks	s
chipped	P
chippers	s
chippies	s
chips	s
chirped	P
chirps	s
chiseled	P
chisels	S
chits	s
chives	s
chlorinated	P
chocked	P
chocks	s
chocolates	S
choirs	S
choked	P
chokes	s
chomped	P
chomps	s
chooses	s
chopped	P
choppers	s
chopsticks	s
chords	s
choreographed	P
chores	s
chortled	P
choruses	s
chose	P
chows	S
christened	P
chromed	P
chronicled	P
chronicles	s
chucked	P
chuckled	P
chuckles	s
chucks	S
chuffed	P
chugged	P
chugs	s
chumps	s
chums	s
chunked	P
chunks	s
churches	s
churned	P
churns	s
chutes	s
cigarettes	s
cinched	P
cinders	s
ciphers	s
circled	P
circles	S
circuited	P
circuits	s
circulars	s
circulated	P
circulates	S
circumcised	P
circumnavigated	P
circumscribed	P
circumstances	S
circumvented	P
circumvents	S
circuses	s
cited	P
cites	s
civilised	P
civilized	P
clades	s
claimed	P
claims	s
clambered	P
clammed	P
clamored	P
clamoured	P
clamped	P
clamps	s
clams	s
clapboards	S
clapped	P
clappers	s
claps	s
clares	S
clarets	s
clarified	P
clarifies	S
clashed	P
clashes	S
clasped	P
clasps	s
classed	P
classes	S
classified	P
classifies	S
clattered	P
clatters	s
clauses	s
clawed	P
claws	s
clays	s
cleaned	P
cleans	s
cleansed	P
cleanses	s
cleared	P
clears	s
cleats	s
cleaves	s
clefts	s
clenched	P
clenches	s
clerked	P
clerks	s
clews	s
cliched	P
cliches	s
clichéd	P
clichés	S
clicked	P
clicks	s
climates	s
climaxed	P
climaxes	S
climbed	P
climbers	s
climbs	S
clinched	P
clinches	s
clings	s
clinked	P
clipped	P
clips	S
cliques	s
clits	s
cloaked	P
cloaks	s
clobbered	P
clocked	P
clocks	s
clods	s
clogged	P
clogs	s
cloistered	P
cloisters	s
cloned	P
clones	s
closed	P
closes	s
closeted	P
closets	S
clothes	S
clotheslines	s
clothespins	s
clots	s
clotted	P
clouded	P
clouds	s
clowned	P
clowns	S
cloyd	P
clubbed	P
clubs	S
clucks	s
clued	P
clues	s
clumped	P
clumps	s
clung	P
clustered	P
clusters	s
clutched	P
clutches	s
cluttered	P
clutters	s
coached	P
coaches	s
coagulated	P
coagulates	s
coalesced	P
coalesces	S
coals	s
coasted	P
coasts	s
coated	P
coates	s
coats	s
coattails	s
coauthored	P
coauthors	s
coaxed	P
coaxes	s
cobbled	P
cobbles	s
cobs	S
cocked	P
cockeyed	P
cockfights	S
cockles	s
cocks	S
cocktails	s
cocooned	P
cocoons	s
coddled	P
coded	P
codenamed	P
codenames	s
codes	S
codified	P
codifies	S
cods	s
coerced	P
coerces	S
coexisted	P
coexists	S
coffees	S
coffered	P
coffers	s
coffins	s
cofounded	P
cogs	s
cohabited	P
cohorts	s
coiffed	P
coiled	P
coils	s
coincided	P
coincides	S
coined	P
coins	s
coked	P
cokes	S
collaborated	P
collaborates	S
collabs	s
collaged	P
collages	S
collapsed	P
collapses	S
collared	P
collars	s
collated	P
collateralized	P
collates	S
colleagues	S
collected	P
collectivized	P
collects	s
colles	S
collided	P
collides	S
collies	s
collimated	P
collocated	P
colls	S
colluded	P
colonels	s
colonised	P
colonized	P
colonizes	S
colored	P
colores	s
colorized	P
colors	s
coloured	P
colourised	P
colours	s
colts	s
combats	S
combed	P
combined	P
combines	s
combs	s
combusted	P
comes	S
comforted	P
comforts	s
commanded	P
commandeered	P
commands	s
commas	s
commemorated	P
commemorates	S
commenced	P
commences	S
commended	P
commends	s
commentated	P
commentates	S
commented	P
comments	s
commercialised	P
commercialized	P
commingled	P
comminuted	P
commiserated	P
commissioned	P
commissions	s
commits	S
committed	P
commodified	P
commoditized	P
commons	s
communed	P
communes	S
communicated	P
communicates	S
commuted	P
commutes	s
compacted	P
compacts	s
companies	s
companions	s
compared	P
compares	S
compartmentalized	P
compartmented	P
compartments	s
compasses	s
comped	P
compelled	P
compels	S
compensated	P
compensates	S
competed	P
competes	S
compiled	P
compiles	s
complained	P
complains	S
complemented	P
complements	s
completed	P
completes	s
complexed	P
complexes	s
complexioned	P
complexions	s
complicated	P
complicates	S
complied	P
complies	S
complimented	P
compliments	s
comports	s
composed	P
composes	S
composited	P
composites	s
composted	P
composts	s
compounded	P
compounds	s
comprehended	P
comprehends	S
compressed	P
compresses	s
comprised	P
comprises	S
compromised	P
compromises	S
comps	s
comptes	s
computed	P
computerised	P
computerized	P
computes	S
comrades	s
concatenated	P
concealed	P
conceals	S
conceded	P
concedes	S
conceited	P
conceits	s
conceived	P
conceives	S
concentrated	P
concentrates	s
conceptualised	P
conceptualized	P
concerned	P
concerns	s
concerted	P
concerts	s
concessions	s
concluded	P
concludes	S
concocted	P
concocts	S
concords	S
concreted	P
concretes	S
concurred	P
concurs	S
concussed	P
condemned	P
condemns	S
condensates	s
condensed	P
condenses	S
condescended	P
condiments	s
conditioned	P
conditions	s
condoned	P
condones	S
conducted	P
conducts	s
coned	P
cones	s
confections	s
confederated	P
confederates	s
conferences	s
conferred	P
confers	S
confessed	P
confesses	S
confided	P
confides	S
configs	s
configured	P
configures	S
confined	P
confines	s
confirmed	P
confirms	S
confiscated	P
confiscates	S
conflated	P
conflates	s
conflicted	P
conflicts	s
conformed	P
conforms	S
confounded	P
confounds	s
confronted	P
confronts	S
confused	P
confuses	S
congas	S
congealed	P
congested	P
conglomerates	s
congratulated	P
congratulates	S
congregated	P
congresses	S
conjectured	P
conjectures	S
conjoined	P
conjugated	P
conjugates	s
conjured	P
conjures	S
conked	P
connected	P
connects	S
conned	P
connived	P
connoted	P
connotes	S
conquered	P
conquers	S
conquests	s
conscripted	P
conscripts	s
consecrated	P
consecrates	S
consented	P
consents	s
consequences	s
conserved	P
conserves	s
considered	P
considers	S
consigned	P
consisted	P
consists	s
consoled	P
consoles	s
consolidated	P
consolidates	S
consorted	P
consorts	s
conspiracies	S
conspired	P
conspires	S
constables	s
constipated	P
constituted	P
constitutes	s
constrained	P
constrains	S
constricted	P
constricts	S
constructed	P
constructs	s
construed	P
consulted	P
consults	s
consumed	P
consumes	S
consummated	P
contacted	P
contacts	s
contained	P
containerized	P
contains	S
contaminated	P
contaminates	S
contemplated	P
contemplates	S
contended	P
contends	S
contented	P
contents	s
contested	P
contests	s
contexts	s
contextualised	P
contextualized	P
continued	P
continues	S
contorted	P
contoured	P
contours	s
contracted	P
contracts	s
contradicted	P
contradicts	S
contraindicated	P
contras	s
contrasted	P
contrasts	s
contravened	P
contravenes	S
contributed	P
contributes	S
contrived	P
contrives	S
controlled	P
controls	S
convened	P
convenes	S
conveniences	S
conventionalized	P
convents	s
converged	P
converges	S
conversations	s
conversed	P
converses	S
converted	P
converts	s
conveyances	S
conveyed	P
conveys	S
convicted	P
convicts	S
convinced	P
convinces	S
convoked	P
convoluted	P
convoys	S
convulsed	P
cooed	P
cooked	P
cookies	s
cooks	S
cooled	P
cools	s
coons	s
cooped	P
cooperated	P
cooperates	S
coopers	S
coops	s
coopted	P
coordinated	P
coordinates	s
coos	s
copays	s
coped	P
copes	s
copied	P
copies	s
copped	P
coppers	S
cops	s
copters	s
copycats	s
corbels	s
corded	P
cordes	s
cordoned	P
cordons	s
cords	s
corduroys	s
cored	P
cores	S
corked	P
corks	S
corkscrews	s
corned	P
cornered	P
corners	s
cornices	s
cornrows	s
corns	S
coronas	s
corporates	S
corpses	s
corralled	P
corrals	s
corrected	P
corrects	S
correlated	P
correlates	s
corresponded	P
corresponds	S
corroborated	P
corroborates	S
corroded	P
corrodes	S
corrugated	P
corrupted	P
corrupts	S
corsets	s
cosigned	P
cosplayed	P
cosplays	s
cosponsored	P
cosponsors	s
costars	s
costs	s
costumed	P
costumes	S
cotes	s
cottages	s
cottoned	P
cottons	s
couched	P
couches	s
coughed	P
coughs	s
counselled	P
counsels	S
countdowns	s
counted	P
countenanced	P
counteracted	P
counteracts	s
counterattacked	P
counterattacks	s
counterbalanced	P
counterclaims	s
countered	P
counterfeited	P
counterfeits	s
countermanded	P
counterparts	s
counterpoints	s
counters	s
countersigned	P
counterweights	s
counts	s
coupled	P
couples	s
coupons	s
coups	s
couriers	s
coursed	P
courses	s
courted	P
courtesies	S
courts	s
coved	P
covenanted	P
covenants	s
covered	P
covers	s
coves	s
coveted	P
covets	S
cowards	s
cowboys	s
cowed	P
cowered	P
cowers	S
cowgirls	s
cowls	s
cows	s
coyotes	s
coys	s
cozens	S
cozied	P
cozies	s
crabs	S
cracked	P
crackled	P
crackles	s
cracks	s
cradled	P
cradles	s
crafted	P
crafts	s
crammed	P
cramped	P
crampons	s
cramps	s
crams	S
craned	P
cranes	s
cranked	P
cranks	s
crannies	s
crapped	P
craps	S
crashed	P
crashes	s
crated	P
cratered	P
craters	s
crates	s
cravats	s
craved	P
cravens	s
craves	s
crawled	P
crawls	s
crayons	s
crazed	P
crazes	s
creaked	P
creaks	s
creamed	P
creampied	P
creampies	s
creams	s
creased	P
creases	s
created	P
creates	S
credentialed	P
credentials	s
credited	P
credits	s
creeds	s
creeps	S
cremated	P
crenellated	P
crepes	S
crept	P
crescents	s
crested	P
crests	s
crevasses	s
crevices	s
crewed	P
crews	s
cribbed	P
cribs	S
crickets	s
cried	P
cries	s
crimes	S
criminalised	P
criminalized	P
criminalizes	S
crimped	P
crimps	s
cringed	P
cringes	S
crinkled	P
crinkles	s
crippled	P
cripples	s
crisped	P
crisps	s
crisscrossed	P
criticised	P
criticises	S
criticized	P
criticizes	S
critics	s
critiqued	P
critiques	S
crits	S
croaked	P
croaks	s
crocheted	P
crocked	P
crocks	s
crocodiles	s
crofts	s
crooked	P
crooks	s
crooned	P
croons	s
cropped	P
crops	s
crossbars	s
crossbred	P
crossed	P
crosses	s
crosslinked	P
crosslinks	s
crosswalks	S
crotches	s
crouched	P
crouches	s
crowbars	S
crowded	P
crowdfunded	P
crowds	s
crowdsourced	P
crowed	P
crowned	P
crowns	s
crows	s
crucified	P
crufts	s
cruised	P
cruises	s
crumbled	P
crumbles	S
crumbs	s
crumpled	P
crumples	s
crunched	P
crunches	s
crusades	s
crushed	P
crushes	s
crusted	P
crusts	s
crutches	s
cryopreserved	P
crystalized	P
crystallised	P
crystallized	P
crystallizes	S
crêpes	s
cubed	P
cubes	s
cubs	s
cucked	P
cuckolded	P
cuckolds	s
cuckoos	s
cucks	s
cuddled	P
cuddles	s
cudgels	s
cued	P
cues	s
cuffed	P
cuffs	s
culled	P
culls	s
culminated	P
culminates	S
cultivated	P
cultivates	S
cultured	P
cultures	S
culverts	s
cums	S
cumulated	P
cupboards	s
cupcakes	s
cupped	P
cups	s
curated	P
curates	s
curbed	P
curbs	s
curdled	P
curds	s
cured	P
cures	s
curled	P
curls	s
curried	P
curries	s
cursed	P
curses	s
cursors	s
curtailed	P
curtails	s
curtained	P
curtains	s
curveballs	s
curved	P
curves	S
cushioned	P
cushions	s
cusped	P
cusps	s
cussed	P
cusses	s
customised	P
customized	P
customs	s
cutlasses	S
cuts	S
cyberattacks	s
cycled	P
cycles	s
cylinders	S
cyphers	s
dabbed	P
dabbled	P
dabbles	s
dabs	s
dacoits	s
daddies	s
dads	s
daggers	s
dags	s
daguerreotypes	s
dallied	P
damaged	P
damages	S
dammed	P
damned	P
damns	s
damped	P
dampened	P
dampens	S
damps	s
dams	s
danced	P
dances	S
danged	P
dangers	s
dangled	P
dangles	S
danks	s
dappled	P
daps	s
dared	P
daredevils	s
darkened	P
darkens	S
darks	s
darned	P
darted	P
darts	s
dashboards	s
dashed	P
dashes	s
databases	s
dated	P
dates	s
daubed	P
daunted	P
daves	S
dawned	P
dawns	s
daws	s
daydreams	s
daylights	S
days	s
dazed	P
dazzled	P
dazzles	S
deacons	s
deactivated	P
deactivates	S
deadened	P
deadheads	s
deadlifts	s
deadlines	s
deadlocked	P
deadlocks	s
deads	S
deafened	P
deals	s
dealt	P
deans	s
dears	s
debarred	P
debased	P
debated	P
debates	S
debauched	P
debilitated	P
debited	P
debits	s
debriefed	P
debugged	P
debunked	P
debunks	S
debuted	P
debuts	s
decaffeinated	P
decals	s
decamped	P
decanted	P
decapitated	P
decapitates	S
decayed	P
decays	s
deceased	P
deceived	P
deceives	S
decelerated	P
decelerates	S
decentralised	P
decentralized	P
decided	P
decides	S
decimals	s
decimated	P
decimates	s
deciphered	P
decisions	s
decked	P
deckhands	s
decks	s
declared	P
declares	S
declassified	P
declawed	P
declined	P
declines	S
decoded	P
decodes	s
decommissioned	P
decomposed	P
decomposes	S
decompressed	P
deconstructed	P
deconstructs	S
decontaminated	P
decorated	P
decorates	S
decoupled	P
decoys	s
decreased	P
decreases	S
decreed	P
decrees	s
decried	P
decries	S
decriminalised	P
decriminalized	P
decrypted	P
decrypts	s
dedicated	P
dedicates	S
deduced	P
deduces	S
deducted	P
deducts	S
deeded	P
deeds	s
deejays	s
deeks	s
deemed	P
deems	s
deepened	P
deepens	S
defaced	P
defamed	P
defaulted	P
defaults	s
defeated	P
defeats	s
defecated	P
defected	P
defects	s
defences	S
defended	P
defends	S
deferred	P
defers	S
defied	P
defies	s
defiled	P
defiles	s
defined	P
defines	s
deflated	P
deflates	S
deflected	P
deflects	S
deflowered	P
deforested	P
deformed	P
deforms	S
defrauded	P
defrocked	P
defrosted	P
defunded	P
defused	P
defuses	S
degenerated	P
degenerates	s
degraded	P
degrades	S
dehumanized	P
dehumanizes	S
dehydrated	P
dehydrates	S
deified	P
deigned	P
deigns	S
deionized	P
dejected	P
delayed	P
delays	s
delegated	P
delegates	s
deleted	P
deletes	s
deliberated	P
deliberates	S
delighted	P
delights	s
delimited	P
delineated	P
delineates	S
delisted	P
delivered	P
delivers	S
delocalized	P
deltas	s
deluded	P
deluged	P
delved	P
delves	s
demagogues	s
demanded	P
demands	s
demarcated	P
demarcates	S
demeaned	P
demeans	S
demented	P
demerged	P
demerits	s
demilitarised	P
demilitarized	P
demineralized	P
demobbed	P
demobilised	P
demobilized	P
democratized	P
demoed	P
demolished	P
demolishes	S
demonetized	P
demonised	P
demonized	P
demonizes	S
demonstrated	P
demonstrates	S
demoralised	P
demoralized	P
demos	s
demoted	P
demotivated	P
demurred	P
demurs	s
demystified	P
denatured	P
denied	P
denies	S
denigrated	P
denigrates	S
denizens	s
denominated	P
denoted	P
denotes	S
denounced	P
denounces	S
dens	s
dented	P
dents	s
denuded	P
deoxygenated	P
departed	P
departs	s
depended	P
depends	S
depersonalized	P
depicted	P
depicts	S
depleted	P
depletes	S
deplored	P
deplores	S
deployed	P
deploys	s
depolarized	P
depopulated	P
deported	P
deportes	S
deports	S
deposed	P
deposited	P
deposits	s
depraved	P
deprecated	P
depreciated	P
depreciates	S
depressed	P
depresses	S
depressurized	P
deprived	P
deprives	S
deps	S
deputed	P
deputies	s
deputised	P
deputized	P
derailed	P
derails	s
deranged	P
deregistered	P
deregulated	P
derided	P
derides	S
derived	P
derives	S
derricks	s
desalinated	P
desaturated	P
descended	P
descends	S
described	P
describes	S
desecrated	P
desegregated	P
deselected	P
desensitised	P
desensitized	P
deserted	P
deserts	s
deserved	P
deserves	S
desiccated	P
designated	P
designates	S
designed	P
designs	s
desired	P
desires	S
desks	s
desolated	P
despaired	P
despairs	s
despatched	P
despatches	S
despised	P
despises	S
despoiled	P
destabilised	P
destabilized	P
destabilizes	S
destined	P
destroyed	P
destroys	S
destructed	P
destructs	S
detached	P
detaches	S
detailed	P
details	s
detained	P
detains	S
detected	P
detects	S
deteriorated	P
deteriorates	S
determined	P
determines	S
deterred	P
deters	S
detested	P
detests	S
dethroned	P
detonated	P
detonates	S
detoured	P
detours	s
detoxified	P
detracted	P
detracts	S
detriments	s
detuned	P
deuterated	P
devalued	P
devalues	S
devastated	P
devastates	S
developed	P
develops	S
deviated	P
deviates	s
devided	P
deviled	P
devils	s
devised	P
devises	s
devolved	P
devolves	S
devoted	P
devotes	S
devoured	P
devours	S
dews	s
diagnosed	P
diagnoses	S
diagrams	s
dialed	P
dialogs	s
dialogues	S
dials	s
diamonds	s
diapered	P
diapers	s
diaphragms	s
diaries	s
diced	P
dices	S
dicked	P
dicks	s
dictated	P
dictates	s
dictionaries	s
did	P
diddled	P
didn't	P
died	P
dies	s
diesels	s
dieted	P
diets	s
differed	P
differences	S
differentiated	P
differentiates	s
differs	S
diffracted	P
diffs	s
diffused	P
diffuses	S
digested	P
digests	s
digitalized	P
digitised	P
digitized	P
digits	S
dignified	P
digressed	P
digs	s
dikes	s
dilapidated	P
dilated	P
dilates	S
diluted	P
dilutes	s
dimed	P
dimensioned	P
dimensions	s
dimes	s
diminished	P
diminishes	S
dimmed	P
dimpled	P
dimples	s
dims	S
dined	P
dines	S
dinged	P
dinghies	S
dings	s
dinks	s
dinners	s
dins	S
dipped	P
dips	s
directed	P
directs	S
dirks	s
dirtied	P
dirties	S
disabled	P
disables	S
disabused	P
disadvantaged	P
disadvantages	s
disaffected	P
disaggregated	P
disagreed	P
disagrees	S
disallowed	P
disallows	S
disappeared	P
disappears	S
disappointed	P
disappoints	S
disapproved	P
disapproves	S
disarmed	P
disarms	S
disarticulated	P
disassembled	P
disassociated	P
disavowed	P
disavows	S
disbanded	P
disbands	S
disbarred	P
disbelieved	P
disbursed	P
discarded	P
discards	s
discerned	P
discerns	S
discharged	P
discharges	S
disciples	s
disciplined	P
disciplines	S
disclaimed	P
disclaims	S
disclosed	P
discloses	s
discolored	P
discoloured	P
discombobulated	P
discomfited	P
discomforts	s
disconcerted	P
disconnected	P
disconnects	s
discontented	P
discontents	s
discontinued	P
discontinues	S
discords	s
discos	s
discounted	P
discounts	s
discouraged	P
discourages	S
discourses	S
discovered	P
discovers	S
discredited	P
discredits	s
discretized	P
discriminated	P
discriminates	S
discs	s
discussed	P
discusses	S
disdained	P
disdains	s
diseased	P
diseases	S
disembarked	P
disembarks	S
disembodied	P
disemboweled	P
disempowered	P
disenchanted	P
disenfranchised	P
disengaged	P
disengages	s
disentangled	P
disestablished	P
disfavored	P
disfigured	P
disfranchised	P
disgorged	P
disgraced	P
disgraces	S
disgruntled	P
disguised	P
disguises	S
disgusted	P
disgusts	s
disheartened	P
dished	P
dishes	s
disheveled	P
dishonored	P
dishonors	s
dishonoured	P
disillusioned	P
disinclined	P
disinfected	P
disinherited	P
disintegrated	P
disintegrates	S
disinterested	P
disinterred	P
disinvited	P
disjointed	P
disks	s
disliked	P
dislikes	s
dislocated	P
dislocates	S
dislodged	P
dismantled	P
dismantles	S
dismayed	P
dismembered	P
dismissed	P
dismisses	S
dismounted	P
dismounts	s
disobeyed	P
disobeys	S
disordered	P
disorders	s
disorganised	P
disorganized	P
disorientated	P
disoriented	P
disowned	P
disowns	S
disparaged	P
disparages	S
dispatched	P
dispatches	S
dispelled	P
dispels	s
dispensed	P
dispenses	S
dispersed	P
disperses	S
dispirited	P
displaced	P
displaces	S
displayed	P
displays	s
displeased	P
displeases	S
disposed	P
disposes	S
dispositions	s
dispossessed	P
disproved	P
disproves	S
disputed	P
disputes	s
disqualified	P
disqualifies	S
disregarded	P
disregards	s
disrespected	P
disrespects	s
disrobed	P
disrupted	P
disrupts	S
dissatisfied	P
dissected	P
dissects	S
dissed	P
disseminated	P
disseminates	S
dissented	P
dissents	s
disses	s
dissipated	P
dissipates	S
dissociated	P
dissociates	S
dissolved	P
dissolves	s
dissuaded	P
dissuades	S
distanced	P
distances	S
distended	P
distilled	P
distills	S
distinguished	P
distinguishes	S
distorted	P
distorts	S
distracted	P
distracts	S
distressed	P
distresses	S
distributed	P
distributes	S
districts	s
distrusted	P
distrusts	s
disturbed	P
disturbs	s
disunited	P
disused	P
ditched	P
ditches	S
dithered	P
ditties	s
dived	P
diverged	P
diverges	S
diversified	P
diversifies	S
diverted	P
diverts	S
dives	s
divested	P
divests	S
divided	P
divides	s
divined	P
divines	s
divorced	P
divorces	S
divulged	P
divulges	S
divvied	P
diz	S
dls	s
docked	P
dockets	s
docks	S
doctorates	s
doctored	P
doctors	s
documented	P
documents	s
dodds	s
dodged	P
dodges	s
dods	s
does	S
doesn't	S
dogfights	s
dogged	P
dogs	s
doled	P
doles	S
dollies	s
dollops	s
dolts	s
domed	P
domes	s
domesticated	P
domiciled	P
domiciles	s
dominated	P
dominates	S
dominoes	S
doms	s
donated	P
donates	S
dongs	s
donned	P
dons	s
doodled	P
doodles	s
doomed	P
dooms	s
doorbells	s
doored	P
doors	s
doorsteps	s
doped	P
dopes	S
dorms	s
dosed	P
doses	s
doted	P
dotes	s
dots	s
dotted	P
doubled	P
doubles	s
doubted	P
doubts	s
douches	s
doughs	s
doused	P
douses	s
dovetailed	P
dovetails	s
dowels	s
downed	P
downfalls	S
downgraded	P
downgrades	s
downhills	s
downloaded	P
downloads	s
downplayed	P
downplays	S
downpours	s
downregulated	P
downs	s
downsized	P
downturned	P
downturns	s
downvotes	s
dowries	S
dows	s
doxxed	P
dozed	P
dozes	s
drabs	S
drafted	P
drafts	s
dragged	P
dragoons	s
drags	S
drained	P
drains	s
dramatised	P
dramatized	P
dramatizes	S
drams	s
drank	P
draped	P
drapes	s
draughts	s
drawled	P
drawls	s
draws	S
dreaded	P
dreadlocks	s
dreads	s
dreamed	P
dreams	s
dredged	P
dredges	s
drees	s
drenched	P
dressed	P
dresses	S
drew	P
dribbled	P
dribbles	S
dried	P
dries	S
drifted	P
drifts	s
drilled	P
drills	s
drinks	S
dripped	P
drips	S
drives	S
drizzled	P
drizzles	S
droned	P
drones	s
drooled	P
drools	s
drooped	P
droops	s
dropped	P
drops	S
droves	s
drowned	P
drowns	S
drugged	P
drugs	s
drummed	P
drums	s
duals	s
dubbed	P
dubs	s
duchesses	s
ducked	P
ducks	S
ducted	P
ducts	s
dudes	s
dueled	P
duels	s
duets	s
duffs	S
dug	P
dukes	s
dulled	P
dulles	S
dulls	S
dumbed	P
dumbfounded	P
dumbs	S
dummies	s
dumped	P
dumps	s
dungeons	S
dunked	P
dunks	s
duns	S
duped	P
dupes	s
duplexes	S
duplicated	P
duplicates	S
dusted	P
dusts	s
dwarfed	P
dwarfs	s
dwells	s
dwelt	P
dwindled	P
dwindles	S
dyed	P
dyes	S
dykes	s
dynamited	P
dynamites	S
dysfunctions	s
eagled	P
eagles	s
eared	P
earmarked	P
earmarks	s
earned	P
earns	s
earplugs	s
ears	s
earthed	P
earthquakes	s
earths	s
earwigs	s
eased	P
eases	S
eats	s
eavesdropped	P
ebbed	P
ebbs	s
echelons	s
echoed	P
echoes	s
eclipsed	P
eclipses	S
ecstasies	S
eddies	s
edged	P
edges	s
edited	P
editorialized	P
edits	s
educated	P
educates	S
eels	s
effaced	P
effected	P
effects	s
effed	P
efforts	s
egged	P
eggs	s
eighths	s
ejaculated	P
ejaculates	S
ejected	P
ejects	s
eked	P
elaborated	P
elaborates	S
elapsed	P
elapses	S
elasticated	P
elated	P
elbowed	P
elbows	s
elders	s
elected	P
electrified	P
electrocuted	P
electroplated	P
elects	s
elements	s
elevated	P
elevates	S
elfs	s
elicited	P
elicits	S
elided	P
eliminated	P
eliminates	S
ellipses	s
elongated	P
elongates	S
eloped	P
elucidated	P
elucidates	S
eluded	P
eludes	S
eluted	P
emaciated	P
emailed	P
emails	S
emanated	P
emanates	S
emancipated	P
emasculated	P
embalmed	P
embargoed	P
embargoes	s
embarked	P
embarks	S
embarrassed	P
embarrasses	S
embattled	P
embedded	P
embeds	s
embellished	P
embellishes	S
embezzled	P
embittered	P
emblazoned	P
emblems	s
embodied	P
embodies	S
emboldened	P
emboldens	S
embossed	P
embraced	P
embraces	s
embroidered	P
embroiled	P
emceed	P
emcees	s
emeralds	s
emerged	P
emerges	S
emigrated	P
emits	S
emitted	P
emotes	s
empanelled	P
empathized	P
empathizes	S
emphasised	P
emphasises	S
emphasized	P
emphasizes	S
emplaced	P
employed	P
employs	s
empowered	P
empowers	S
empresses	s
empted	P
emptied	P
empties	s
emulated	P
emulates	S
emulsified	P
enabled	P
enables	S
enacted	P
enacts	s
enameled	P
enamelled	P
enamels	S
enamored	P
enamoured	P
encamped	P
encapsulated	P
encapsulates	S
encased	P
encases	S
enchanted	P
enchants	S
encircled	P
encircles	S
enclaves	s
enclosed	P
encloses	S
encoded	P
encodes	S
encompassed	P
encompasses	S
encores	s
encountered	P
encounters	s
encouraged	P
encourages	S
encroached	P
encroaches	s
encrusted	P
encrypted	P
encrypts	S
encumbered	P
endangered	P
endangers	S
endeared	P
endears	S
endeavored	P
endeavors	s
endeavoured	P
endeavours	s
ended	P
endorsed	P
endorses	S
endowed	P
endows	S
ends	s
endured	P
endures	S
enemies	s
energised	P
energized	P
energizes	S
enervated	P
enews	S
enfeebled	P
enfolded	P
enforced	P
enforces	S
enfranchised	P
engaged	P
engages	S
engendered	P
engenders	S
engined	P
engineered	P
engineers	s
engines	s
engorged	P
engrained	P
engraved	P
engrossed	P
engulfed	P
engulfs	S
enhanced	P
enhances	S
enjoined	P
enjoins	S
enjoyed	P
enjoys	S
enlarged	P
enlarges	S
enlightened	P
enlightens	S
enlisted	P
enlists	s
enlivened	P
enlivens	S
enmeshed	P
ennobled	P
enquired	P
enquires	S
enraged	P
enrages	S
enraptured	P
enriched	P
enriches	S
enrolled	P
enrolls	S
ensconced	P
ensembles	s
enshrined	P
enshrines	S
enshrouded	P
ensigns	s
enslaved	P
enslaves	S
ensnared	P
ensued	P
ensues	S
ensured	P
ensures	S
entailed	P
entails	s
entangled	P
entered	P
enterprises	S
enters	S
entertained	P
entertains	s
enthralled	P
enthroned	P
enthused	P
enticed	P
entices	S
entitled	P
entitles	S
entombed	P
entrails	s
entrained	P
entranced	P
entrances	S
entrapped	P
entreated	P
entrenched	P
entrenches	S
entrusted	P
entrusts	S
ents	S
entwined	P
enumerated	P
enumerates	S
enunciated	P
enveloped	P
envelopes	s
envelops	S
envied	P
envies	S
environs	s
envisaged	P
envisages	S
envisioned	P
envisions	S
epicenters	s
epigraphs	s
epilogues	S
epistles	s
epitaphs	s
epithets	S
epitomised	P
epitomises	S
epitomized	P
epitomizes	S
epochs	s
epoxies	S
equalised	P
equalized	P
equalizes	S
equalled	P
equals	s
equated	P
equates	s
equivalences	S
equivalents	s
eradicated	P
eradicates	S
erased	P
erases	s
erected	P
erects	S
ergs	s
eroded	P
erodes	S
errands	s
erred	P
errors	s
errs	S
ers	S
erupted	P
erupts	S
escalated	P
escalates	S
escaped	P
escapes	s
eschewed	P
eschews	S
escorted	P
escorts	s
espoused	P
espouses	S
esquires	s
essayed	P
essays	s
esses	s
established	P
establishes	S
estates	s
esteemed	P
esteems	s
esterified	P
estimated	P
estimates	s
estranged	P
etched	P
etches	S
ethers	S
etiolated	P
eulogised	P
eulogized	P
euthanised	P
euthanized	P
evacuated	P
evacuates	S
evaded	P
evades	S
evaluated	P
evaluates	S
evangelized	P
evaporated	P
evaporates	S
evened	P
evens	s
events	s
eventuated	P
evergreens	s
everts	S
evicted	P
evicts	S
evidenced	P
evidences	S
evinced	P
evinces	S
eviscerated	P
eviscerates	S
evoked	P
evokes	S
evolved	P
evolves	S
exacerbated	P
exacerbates	S
exacted	P
exacts	S
exaggerated	P
exaggerates	S
exalted	P
exalts	S
examined	P
examines	S
examples	s
exams	s
exasperated	P
excavated	P
exceeded	P
exceeds	S
excelled	P
excels	S
excepted	P
excepts	S
excerpted	P
excerpts	s
excesses	S
exchanged	P
exchanges	S
excised	P
excises	S
excited	P
excites	S
exclaimed	P
exclaims	s
excluded	P
excludes	S
excommunicated	P
excoriated	P
excreted	P
excretes	S
excursions	s
excused	P
excuses	S
execs	s
executed	P
executes	S
exemplified	P
exemplifies	S
exempted	P
exempts	s
exercised	P
exercises	S
exerted	P
exerts	S
exes	s
exfoliated	P
exhaled	P
exhales	s
exhausted	P
exhausts	s
exhibited	P
exhibits	s
exhilarated	P
exhorted	P
exhorts	S
exhumed	P
exiled	P
exiles	S
existed	P
exists	S
exited	P
exits	s
exonerated	P
exonerates	S
exorcised	P
expanded	P
expands	S
expatriates	s
expected	P
expects	S
expedited	P
expedites	S
expeditions	s
expelled	P
expels	S
expended	P
expends	S
expensed	P
expenses	S
experienced	P
experiences	S
experimented	P
experiments	s
expired	P
expires	S
explained	P
explains	S
explants	s
explicated	P
exploded	P
explodes	S
exploited	P
exploiters	s
exploits	s
explored	P
explores	s
exported	P
exports	s
exposed	P
exposes	S
expounded	P
expounds	S
expressed	P
expresses	s
expropriated	P
expunged	P
extended	P
extends	S
exterminated	P
externalized	P
extinguished	P
extinguishes	S
extirpated	P
extolled	P
extols	S
extorted	P
extorts	S
extracted	P
extracts	s
extradited	P
extrapolated	P
extrapolates	S
extraverted	P
extricated	P
extroverted	P
extroverts	s
extruded	P
exudates	s
exuded	P
exudes	S
exulted	P
exults	S
eyeballed	P
eyeballs	s
eyebrows	s
eyed	P
eyelets	s
eyes	s
eyewitnesses	s
fabled	P
fables	s
fabricated	P
fabricates	S
fabs	s
facebooks	s
faced	P
facelifts	S
faces	s
faceted	P
facets	s
facilitated	P
facilitates	S
facsimiles	S
factored	P
factors	s
faded	P
fades	s
faggots	s
fags	s
failed	P
fails	S
fainted	P
faints	s
fairbanks	S
faired	P
fairs	S
faked	P
fakes	s
falcons	s
fallows	s
falls	S
falsettos	s
falsified	P
falsifies	S
faltered	P
falters	s
famed	P
fames	S
familiarized	P
famished	P
fanboys	s
fancied	P
fancies	s
fanfares	S
fanged	P
fangirls	s
fangled	P
fangs	s
fanned	P
fans	s
fansubs	s
fantasies	s
fantasised	P
fantasized	P
fantasizes	S
farces	S
fared	P
fares	S
farewells	s
farmed	P
farms	s
farriers	s
fars	S
farted	P
farts	s
fascinated	P
fascinates	S
fashioned	P
fashions	s
fasted	P
fastened	P
fastens	S
fasts	s
fated	P
fates	S
fathered	P
fathers	s
fathomed	P
fathoms	s
fatigued	P
fatigues	S
fats	S
fatted	P
fattened	P
fatwas	s
faulted	P
faults	s
faves	s
favored	P
favorited	P
favorites	s
favors	s
favoured	P
favourited	P
favourites	s
favours	s
favs	s
fawned	P
fawns	s
faxed	P
faxes	S
fayed	P
fazed	P
feared	P
fears	s
feasted	P
feasts	s
feathered	P
feathers	s
feats	s
featured	P
features	s
fed	P
federalized	P
federated	P
feedbacks	s
feeds	S
feels	s
fees	s
feigned	P
feigns	S
feints	s
felicitated	P
felled	P
fellows	s
fellowships	S
fells	s
felted	P
felts	s
feminised	P
feminized	P
fenced	P
fences	S
fended	P
fenders	s
fends	S
fermented	P
ferments	s
ferrets	s
ferried	P
ferries	S
ferrules	s
fertilised	P
fertilized	P
fertilizes	S
fessed	P
festered	P
festers	s
festooned	P
festoons	s
fetched	P
fetches	s
feted	P
fetes	s
fetishized	P
fets	s
fettered	P
fetters	s
feuded	P
feuds	s
fevered	P
fevers	s
fiats	S
fibs	s
fictionalised	P
fictionalized	P
fiddled	P
fiddles	s
fidgeted	P
fidgets	s
fielded	P
fields	s
fiends	s
fifes	s
fifths	s
fights	S
figs	s
figured	P
figures	s
filed	P
files	s
filets	s
filibustered	P
filibusters	s
filled	P
filleted	P
fillets	s
fills	s
filmed	P
films	s
filtered	P
filters	s
finalised	P
finalized	P
finalizes	S
financed	P
finances	S
financiers	S
finches	s
finds	s
fined	P
fines	s
finessed	P
fingered	P
fingerprinted	P
fingerprints	s
fingers	s
fingertips	s
finished	P
finishes	s
finks	s
finned	P
fins	s
fireballs	s
firebombed	P
firebombs	s
fired	P
fires	S
firewalls	s
firmed	P
firms	s
fished	P
fishes	S
fissured	P
fissures	s
fisted	P
fistfights	s
fisticuffs	s
fists	s
fits	s
fitted	P
fixated	P
fixed	P
fixes	s
fixtures	s
fizzes	S
fizzled	P
fizzles	s
flabbergasted	P
flacks	s
flagellated	P
flagellates	s
flagged	P
flagpoles	s
flags	S
flagships	S
flailed	P
flails	s
flairs	s
flaked	P
flakes	s
flamed	P
flames	S
flanged	P
flanges	s
flanked	P
flankers	s
flanks	s
flannels	S
flapped	P
flaps	s
flared	P
flares	s
flashbacks	s
flashed	P
flashes	s
flashlights	s
flasks	s
flatlined	P
flats	s
flattened	P
flattens	S
flattered	P
flatters	s
flaunted	P
flaunts	s
flavored	P
flavors	s
flavoured	P
flavours	s
flawed	P
flaws	s
flayed	P
flays	s
fleas	s
flecked	P
flecks	s
fled	P
fledged	P
fleeced	P
fleeces	S
flees	S
fleets	s
fleshed	P
fleshes	S
flew	P
flexed	P
flexes	S
flicked	P
flickered	P
flickers	S
flicks	S
fliers	s
flies	S
flighted	P
flights	s
flinched	P
flinches	s
flinders	s
flings	s
flints	s
flipflops	s
flipped	P
flippers	s
flips	s
flirted	P
flirts	s
flits	s
flitted	P
floated	P
floats	S
flocked	P
flocks	S
flogged	P
flooded	P
floodlights	s
floodlit	P
floods	s
floorboards	s
floored	P
floors	s
flopped	P
flops	s
flossed	P
flounces	s
floundered	P
flounders	s
floured	P
flourished	P
flourishes	s
flours	s
flouted	P
flouts	s
flowed	P
flowered	P
flowers	s
flows	S
flubbed	P
flubs	s
fluctuated	P
fluctuates	S
fluffed	P
fluffs	s
fluidized	P
flukes	s
flumes	S
flummoxed	P
flung	P
flunked	P
fluoridated	P
fluorinated	P
flurries	s
flushed	P
flushes	s
flustered	P
fluted	P
flutes	s
fluttered	P
flutters	s
fluxes	S
flyers	S
foaled	P
foals	s
foamed	P
foams	s
fobbed	P
fobs	s
focused	P
focuses	S
fogged	P
fogs	S
foiled	P
foils	S
foisted	P
folded	P
folds	s
foliated	P
folios	s
followed	P
follows	s
fomented	P
fondled	P
fondles	S
fonds	s
fonts	s
fooled	P
fools	s
footballs	s
footed	P
footers	s
footnoted	P
footnotes	s
footpads	s
foots	s
foraged	P
forages	S
forays	s
forbears	s
forbids	S
forced	P
forces	S
forded	P
fords	s
forearmed	P
forearms	s
forebears	s
forecasts	s
foreclosed	P
forecloses	S
foregrounded	P
foregrounds	s
forehands	s
foresaw	P
foresees	S
foreshadowed	P
foreshadows	S
foreshortened	P
foreskins	s
forestalled	P
forested	P
forests	s
foretells	S
forethought	P
foretold	P
forewarned	P
forfeited	P
forfeits	S
forgave	P
forged	P
forges	S
forgets	S
forgives	S
forgoes	S
forgot	P
forked	P
forklifts	s
forks	s
formalised	P
formalized	P
formalizes	S
formats	s
formatted	P
formed	P
formes	s
forms	s
formulated	P
formulates	S
forsakes	S
forsook	P
fortified	P
fortifies	S
fortresses	S
forts	s
fortunes	S
forwarded	P
forwards	s
fossilised	P
fossilized	P
fostered	P
fosters	S
fought	P
fouled	P
fouls	s
founded	P
foundered	P
founders	s
founds	s
fountains	s
fowles	s
fowls	s
foxed	P
foxes	s
foxholes	s
fracked	P
fractionated	P
fractions	s
fractured	P
fractures	s
fragmented	P
fragments	s
fragranced	P
fragrances	S
frags	s
framed	P
frames	S
franchised	P
franchises	S
franked	P
franks	s
fraps	s
frauds	s
frayed	P
frays	s
frazzled	P
freaked	P
freaks	s
freckled	P
freckles	s
freed	P
freelanced	P
frees	s
freestyles	S
freezes	s
freighted	P
freights	s
frenzied	P
frenzies	S
frequented	P
frequents	S
frescoed	P
frescoes	S
freshened	P
freshens	S
frets	s
fretted	P
fridges	s
fried	P
friended	P
friends	s
friendzoned	P
fries	s
friezes	S
frightened	P
frightens	S
frights	s
frilled	P
frills	s
fringed	P
fringes	s
frisbees	s
frisked	P
frits	S
frittered	P
fritters	s
frizzled	P
frocks	s
frogs	s
frolicked	P
frolics	s
fronted	P
frontiers	S
fronts	s
frosted	P
frosts	s
frothed	P
frowned	P
frowns	s
froze	P
fruited	P
fruits	S
frustrated	P
frustrates	S
frys	s
fucked	P
fucks	s
fudged	P
fudges	S
fueled	P
fuels	S
fugues	s
fulfilled	P
fulfills	S
fulfils	S
fullers	s
fulls	s
fumbled	P
fumbles	s
fumed	P
fumes	s
fumigated	P
functionalized	P
functioned	P
functions	s
funded	P
fundraised	P
funds	s
funnelled	P
funnels	s
funs	S
furled	P
furloughed	P
furloughs	s
furnaces	s
furnished	P
furnishes	s
furred	P
furrowed	P
furrows	s
furs	S
furthered	P
furthers	S
fused	P
fuses	s
fusions	s
fussed	P
fusses	S
fuzes	S
fuzzed	P
gabs	S
gads	s
gaffs	S
gages	s
gagged	P
gags	s
gained	P
gains	S
gaited	P
gaiters	s
gaits	s
gales	s
gallants	s
galleried	P
galleries	s
galloped	P
gallops	s
gallows	S
galls	S
galoshes	s
galvanised	P
galvanized	P
gambits	s
gambled	P
gambles	s
gamed	P
games	S
gamified	P
gammons	S
gams	s
gand	P
gangbanged	P
gangbangs	s
ganged	P
ganges	S
gangs	s
gangsters	S
gangways	s
gans	s
gaped	P
gapes	S
gapped	P
gaps	s
garages	S
garbed	P
garbled	P
gardened	P
gardens	s
gardes	s
gargles	s
garlanded	P
garlands	s
garments	s
garnered	P
garners	s
garnets	S
garnished	P
garnishes	s
garrisoned	P
garrisons	s
gars	s
garters	s
gases	S
gashed	P
gashes	S
gasped	P
gasps	s
gassed	P
gated	P
gates	s
gateways	s
gathered	P
gathers	s
gats	s
gauged	P
gauges	s
gave	P
gawd	P
gawked	P
gays	s
gazed	P
gazes	s
gazetted	P
gazetteers	s
gazettes	s
geared	P
gears	s
geckos	s
geeked	P
geeks	s
gees	s
gelded	P
gelled	P
gels	S
gems	s
gendered	P
genders	s
generalised	P
generalized	P
generalizes	S
generals	S
generated	P
generates	S
genocides	S
genos	s
genotypes	s
gens	S
gentles	s
gentrified	P
gerbils	s
germinated	P
germinates	S
germs	s
gerrymandered	P
gestured	P
gestures	s
gets	s
getters	s
geysers	S
ghettoes	S
ghosted	P
ghosts	s
gibs	s
gifs	s
gifted	P
gifts	S
gigged	P
giggled	P
giggles	s
gigs	s
gilded	P
gillies	s
gills	s
gimbals	s
gimmicks	s
gimps	S
gingers	S
ginned	P
gins	s
gipsies	s
girded	P
girdled	P
girdles	s
girls	s
gists	s
gives	S
glaciated	P
gladiators	s
glammed	P
glamorized	P
glanced	P
glances	S
glared	P
glares	S
glassed	P
glasses	s
glazed	P
glazes	S
gleamed	P
gleams	s
gleaned	P
glees	S
glided	P
glides	S
glimmers	s
glimpsed	P
glimpses	s
glinted	P
glints	s
glistened	P
glistens	s
glitched	P
glitches	s
glittered	P
glitters	s
gloated	P
gloats	s
globalised	P
globalized	P
globes	s
globs	s
gloried	P
glories	S
glorified	P
glorifies	S
glossed	P
glosses	S
gloved	P
gloves	s
glowed	P
glows	S
glued	P
glues	S
gluts	s
gluttons	s
glycosylated	P
gnarled	P
gnarls	s
gnawed	P
gnaws	S
goaded	P
goads	s
goalies	s
goals	s
goats	S
gobbled	P
gobbles	s
gobs	S
gobsmacked	P
godfathers	s
godmothers	s
gods	s
goes	S
goggles	S
goldens	s
golds	s
golfed	P
golfs	s
gondolas	s
gongs	s
goobers	s
goodbyes	s
goodes	s
goods	s
goofed	P
goofs	s
googled	P
googles	s
goos	S
goosed	P
gored	P
gores	S
gorged	P
gorges	s
gospels	S
gossiped	P
gossips	S
gotten	P
gouged	P
gouges	S
governed	P
governesses	s
governs	S
gowns	s
grabbed	P
grabs	S
graced	P
graces	S
gradations	s
graded	P
grades	s
graduated	P
graduates	s
graffitied	P
grafted	P
grafts	S
grained	P
grains	S
grammars	s
grandfathered	P
grandfathers	s
grandparents	s
grandstands	s
grannies	s
granted	P
grants	s
granulated	P
grapes	S
grapevines	s
graphed	P
graphs	s
grappled	P
grapples	S
grasped	P
grasps	s
grassed	P
grasses	S
grated	P
grates	s
gratified	P
gravelled	P
gravels	S
graves	s
gravitated	P
gravitates	S
grayed	P
grays	s
grazed	P
grazes	s
greased	P
greases	S
greaves	s
greeks	s
greenhouses	s
greenlit	P
greens	S
greeted	P
greets	S
grenades	s
greyed	P
greyhounds	s
greys	s
gridded	P
gridlocked	P
grids	s
griefs	s
grieved	P
grieves	s
grilled	P
grills	S
grimaced	P
grimaces	s
grimes	S
grinned	P
grins	s
griped	P
gripes	s
gripped	P
grips	S
grits	s
gritted	P
grizzled	P
groaned	P
groans	s
groceries	s
grocers	s
groins	s
grommets	s
groomed	P
grooms	s
grooved	P
grooves	s
groped	P
gropes	s
grossed	P
grosses	S
grounded	P
grounds	s
grouped	P
groups	s
grouted	P
groves	s
growled	P
growls	s
grows	S
grubs	S
grudges	s
grumbled	P
grumbles	s
grumps	s
grunted	P
grunts	s
guaranteed	P
guarantees	s
guarded	P
guards	s
guessed	P
guesses	s
guested	P
guests	s
guffawed	P
guffaws	s
guided	P
guides	s
guillotined	P
guillotines	s
guilted	P
guises	s
guitars	s
gulags	s
gulfs	s
gullies	s
gulls	s
gulped	P
gulps	s
gummed	P
gums	s
gunfights	s
gunned	P
guns	s
gurgled	P
gurgles	s
gurls	s
gushed	P
gushes	s
gussets	s
gussied	P
gusted	P
gusts	s
gutted	P
gutters	s
guys	s
guzzled	P
gyms	s
gypped	P
gypsies	s
gyres	s
habits	s
habituated	P
hacked	P
hackles	s
hackneyed	P
hacks	s
had	P
hades	s
hadn't	P
haemorrhages	S
haggled	P
hags	s
hailed	P
hailes	s
hails	s
hains	s
haired	P
hairs	s
hales	S
halfbacks	s
hallmarked	P
hallmarks	S
hallowed	P
hallows	s
hallucinated	P
hallucinates	S
halogenated	P
halted	P
halters	s
halts	s
halved	P
halves	s
hamels	S
hammed	P
hammered	P
hammers	s
hammocks	s
hampered	P
hampers	s
hams	S
hamsters	s
hamstrings	s
hamstrung	P
handbags	s
handballs	s
handcrafted	P
handcrafts	s
handcuffed	P
handcuffs	s
handed	P
handheld	P
handholds	s
handicapped	P
handicaps	s
handled	P
handles	s
handmade	P
handpicked	P
hands	s
handshakes	S
hangars	s
hangs	s
hanks	S
haplotypes	s
happend	P
happened	P
happens	S
haps	s
harangued	P
harangues	s
harassed	P
harasses	S
harbingers	s
harbord	P
harbored	P
harbors	s
harboured	P
harbours	s
hardboiled	P
hardcoded	P
hardened	P
hardens	s
hardships	S
hardwired	P
hares	s
harkens	S
harks	s
harlequins	s
harlots	s
harmed	P
harmonised	P
harmonized	P
harmonizes	S
harms	s
harnessed	P
harnesses	S
harped	P
harpooned	P
harpoons	s
harps	s
harrassed	P
harried	P
harries	S
harvested	P
harvests	s
has	S
hashed	P
hashes	s
hashtags	s
hasn't	S
hassled	P
hassles	s
hasted	P
hastened	P
hastens	S
hatched	P
hatches	s
hatchets	s
hated	P
hates	S
hats	s
hatted	P
hatters	s
hauled	P
hauls	s
haunches	s
haunted	P
haunts	s
havens	s
havers	s
hawked	P
hawks	s
haws	s
hays	S
hazards	s
hazed	P
headbutted	P
headbutts	s
headed	P
headers	s
headhunted	P
headlined	P
headlines	s
headquartered	P
headquarters	S
heads	s
healed	P
heals	S
heaped	P
heaps	s
heard	P
hearkened	P
hearkens	S
hears	S
hearses	s
hearted	P
heartened	P
hearts	s
heated	P
heats	S
heatsinks	s
heaved	P
heaves	s
heavies	s
heckled	P
heckles	s
hed	P
hedged	P
hedgehogs	s
hedges	s
heeded	P
heeds	s
heeled	P
heels	s
heightened	P
heightens	S
heirs	S
heists	s
held	P
helicopters	s
helles	s
hellos	s
hells	s
helmed	P
helmeted	P
helmets	s
helms	s
helped	P
helps	S
hemmed	P
hemorrhages	S
hems	s
henpecked	P
hens	s
heralded	P
heralds	s
herded	P
herds	s
herniated	P
herries	S
hes	S
hesitated	P
hesitates	S
hewed	P
hews	S
hexed	P
hexes	s
hibernated	P
hibernates	S
hiccups	s
hicks	s
hid	P
hides	s
hieroglyphs	s
highers	s
highlighted	P
highlights	s
highs	s
hijacked	P
hijacks	s
hiked	P
hikes	s
hillbillies	s
hills	s
hilts	s
hindered	P
hinders	s
hinged	P
hinges	s
hinted	P
hints	s
hipped	P
hips	s
hipsters	s
hired	P
hires	s
hissed	P
hisses	s
histograms	s
histories	S
hitched	P
hitches	S
hitchhiked	P
hits	s
hives	s
hoarded	P
hoards	s
hoaxes	s
hobbled	P
hobbles	s
hobnobs	s
hobos	s
hobs	s
hocks	S
hodes	S
hoed	P
hoes	s
hogged	P
hogs	s
hogtied	P
hoisted	P
hoists	s
holds	s
holed	P
holes	s
holidays	s
hollered	P
hollers	s
hollowed	P
hollows	s
holocausts	s
holstered	P
holsters	s
homages	S
homed	P
homemade	P
homered	P
homers	s
homes	s
homeschooled	P
homesteaded	P
homesteads	S
homogenised	P
homogenized	P
honchos	s
honed	P
hones	s
honeycombed	P
honeycombs	s
honeyed	P
honeymooned	P
honeymoons	s
honeys	s
honked	P
honks	S
honored	P
honors	s
honoured	P
honours	s
hooded	P
hoodoos	s
hoods	s
hoodwinked	P
hoofed	P
hoofs	s
hooked	P
hooks	S
hooped	P
hoops	s
hooted	P
hoots	s
hoovered	P
hoovers	s
hoped	P
hopes	S
hopped	P
hops	s
hordes	s
hormones	s
horned	P
horns	s
horrified	P
horrifies	S
horsed	P
horses	s
horseshoes	s
hosed	P
hoses	S
hospitalised	P
hospitalized	P
hostages	s
hosted	P
hostels	S
hostesses	s
hosts	s
hotdogs	s
hotkeys	s
hotlines	s
hots	S
hotshots	s
hounded	P
hounds	s
housed	P
housemaids	s
houses	S
housewives	s
hovels	s
hoverboards	s
hovered	P
hovers	s
howled	P
howls	s
hucksters	s
huddled	P
huddles	s
huffed	P
huffs	s
hugged	P
huggers	s
hugs	s
hulks	s
hulled	P
hulls	s
humanized	P
humanizes	S
humans	S
humbled	P
humbles	s
humidified	P
humiliated	P
humiliates	S
hummed	P
hummels	s
humored	P
humors	s
humoured	P
humours	S
humpbacked	P
humpbacks	s
humped	P
humps	s
hums	s
hunched	P
hunches	s
hung	P
hungered	P
hungers	s
hunkered	P
hunted	P
hunts	s
hurdled	P
hurdles	s
hurled	P
hurls	s
hurried	P
hurries	S
hurtled	P
hurtles	s
hurts	s
husbands	s
hushed	P
husks	S
hustled	P
hustles	S
hutches	s
huts	s
hybridized	P
hyd	P
hydrated	P
hydrates	s
hydraulics	S
hydrogenated	P
hydrolysed	P
hydrolyzed	P
hydrolyzes	S
hydroxylated	P
hymns	s
hyped	P
hyperextended	P
hyperlinked	P
hyperlinks	s
hypes	S
hyphenated	P
hyphens	s
hypnotised	P
hypnotized	P
hypnotizes	S
hypothesised	P
hypothesized	P
hypothesizes	S
iced	P
ices	S
idealised	P
idealized	P
identified	P
identifies	S
idled	P
idles	s
idolised	P
idolized	P
idolizes	S
ignited	P
ignites	S
ignored	P
ignores	S
igs	S
illuminated	P
illuminates	s
illumined	P
illustrated	P
illustrates	S
imaged	P
images	s
imagined	P
imagines	s
imbedded	P
imbibed	P
imbued	P
imbues	S
imitated	P
imitates	S
immersed	P
immerses	S
immigrated	P
immobilised	P
immobilized	P
immolated	P
immortalised	P
immortalized	P
immunised	P
immunized	P
immunoassays	s
immunocompromised	P
immunosuppressed	P
impacted	P
impacts	s
impaired	P
impairs	S
impaled	P
impales	S
imparted	P
imparts	S
impassioned	P
impeached	P
impeded	P
impedes	S
impelled	P
impels	S
imperilled	P
imperils	S
impersonated	P
impersonates	S
impinged	P
impinges	S
implanted	P
implants	S
implemented	P
implements	s
implicated	P
implicates	s
implied	P
implies	S
imploded	P
implodes	S
implored	P
implores	S
imported	P
imports	s
imposed	P
imposes	S
impounded	P
impoverished	P
impregnated	P
impregnates	S
impressed	P
impresses	s
impressions	s
imprinted	P
imprints	s
imprisoned	P
imprisons	S
improved	P
improves	S
improvised	P
improvises	S
imps	s
impugned	P
impulses	s
imputed	P
inactivated	P
inactivates	S
inaugurated	P
inaugurates	S
inbounds	s
inboxes	s
inbred	P
inbuilt	P
incapacitated	P
incapacitates	S
incarcerated	P
incarnated	P
incarnates	S
incentivised	P
incentivized	P
incentivizes	S
inched	P
inches	s
incinerated	P
incinerates	S
incised	P
incited	P
incites	S
inclined	P
inclines	s
included	P
includes	s
inconvenienced	P
inconveniences	S
incorporated	P
incorporates	S
increased	P
increases	S
incremented	P
increments	s
incriminated	P
incriminates	S
incubated	P
incubates	S
inculcated	P
incurred	P
incurs	S
indebted	P
indemnified	P
indented	P
indents	s
indentured	P
indentures	s
indexed	P
indexes	s
indicated	P
indicates	S
indicted	P
indicts	S
indisposed	P
individualised	P
individualized	P
indoctrinated	P
induced	P
induces	S
inducted	P
indulged	P
indulgences	S
indulges	S
industrialised	P
industrialized	P
inebriated	P
infants	s
infatuated	P
infected	P
infects	S
inferred	P
infers	S
infested	P
infests	s
infilled	P
infiltrated	P
infiltrates	s
inflamed	P
inflames	S
inflated	P
inflates	S
inflected	P
inflicted	P
inflicts	S
inflows	s
influenced	P
influences	S
informed	P
informs	S
infringed	P
infringes	S
infuriated	P
infuriates	S
infused	P
infuses	S
ingested	P
ingests	s
ingles	s
ingots	s
ingrained	P
ingratiated	P
inhabited	P
inhabits	S
inhaled	P
inhales	s
inherited	P
inherits	S
inhibited	P
inhibits	S
initialed	P
initialized	P
initializes	S
initials	S
initiated	P
initiates	s
injected	P
injects	S
injured	P
injures	S
injuries	S
inked	P
inks	s
inlaid	P
inlaws	s
inlays	s
inlets	S
innervated	P
innervates	S
innovated	P
innovates	S
inns	S
innuendoes	s
innuendos	s
inoculated	P
inputs	S
inquired	P
inquires	S
inquisitions	s
inroads	s
ins	s
inscribed	P
inseminated	P
inserted	P
inserts	s
insets	s
insinuated	P
insinuates	S
insisted	P
insists	S
inspected	P
inspects	S
inspired	P
inspires	S
installed	P
installs	s
instanced	P
instances	s
instantiated	P
instars	s
instated	P
instigated	P
instigates	S
instilled	P
instills	S
instituted	P
institutes	S
institutionalised	P
institutionalized	P
instructed	P
instructs	s
instrumented	P
instruments	s
insulated	P
insulates	S
insulted	P
insults	s
insured	P
insures	S
intakes	S
integrated	P
integrates	S
intended	P
intends	S
intensified	P
intensifies	S
intentioned	P
intentions	s
interacted	P
interacts	s
interbedded	P
interbred	P
intercalated	P
interceded	P
intercedes	S
intercepted	P
intercepts	s
interchanged	P
interchanges	S
interconnected	P
interconnects	S
interdicted	P
interested	P
interests	s
interfaced	P
interfaces	s
interfered	P
interferes	S
interjected	P
interjects	S
interlaced	P
interleaved	P
interlinked	P
interlocked	P
interlocks	s
interludes	s
intermarried	P
intermediates	s
intermingled	P
intermixed	P
internalised	P
internalized	P
internationalized	P
interned	P
internets	s
interns	s
interpolated	P
interpolates	S
interposed	P
interpreted	P
interprets	S
interred	P
interrelated	P
interrogated	P
interrogates	S
interrupted	P
interrupts	S
inters	S
intersected	P
intersects	S
interspaces	s
interspersed	P
intertwined	P
intertwines	S
intervened	P
intervenes	S
interviewed	P
interviews	s
interweaves	S
intimated	P
intimates	s
intimidated	P
intimidates	S
intoned	P
intones	S
intoxicated	P
intrigued	P
intrigues	S
introduced	P
introduces	S
intros	s
introverted	P
introverts	s
intruded	P
intrudes	S
ints	s
intubated	P
intuited	P
inundated	P
inured	P
invaded	P
invades	S
invalidated	P
invalidates	S
invalided	P
invalids	s
invented	P
inventoried	P
inventories	s
invents	S
inverses	s
inverted	P
inverts	s
invested	P
investigated	P
investigates	S
invests	s
invigorated	P
invigorates	S
invisibles	s
invited	P
invites	s
invoiced	P
invoices	s
invoked	P
invokes	S
involved	P
involves	S
iodized	P
ionised	P
ionized	P
ires	S
irises	S
irked	P
irks	S
ironed	P
irons	s
irradiated	P
irrigated	P
irritated	P
irritates	S
is	S
islands	s
isn't	S
isolated	P
isolates	s
isotopes	s
issued	P
issues	s
italicized	P
itched	P
itches	s
itemised	P
itemized	P
items	s
iterated	P
iterates	s
jabbed	P
jabs	s
jackals	s
jackasses	s
jackboots	s
jacked	P
jacketed	P
jackets	s
jackhammers	s
jackknifed	P
jackpots	s
jackrabbits	s
jacks	s
jacuzzis	s
jaded	P
jades	S
jagged	P
jags	s
jailbreaks	s
jailed	P
jails	s
jakes	S
jambs	s
jammed	P
jams	S
jangled	P
japans	S
japes	s
japs	S
jarred	P
jars	s
jaundiced	P
jaunts	s
javelins	s
jawed	P
jaws	s
jayhawks	S
jazzed	P
jeeps	s
jeered	P
jeers	s
jeffs	s
jellied	P
jellies	S
jeopardised	P
jeopardized	P
jeopardizes	S
jerked	P
jerks	s
jests	s
jetpacks	s
jets	s
jetted	P
jetties	s
jettisoned	P
jewelled	P
jewels	s
jews	s
jibes	s
jibs	s
jiggers	s
jiggled	P
jiggles	s
jigs	s
jills	s
jilted	P
jimmies	s
jingles	s
jinks	s
jinxed	P
jitters	s
jives	s
jizzed	P
jobs	s
jockeyed	P
jockeys	s
jocks	s
jogged	P
jogs	s
joined	P
joins	s
jointed	P
joints	s
joists	s
joked	P
jokes	s
jollies	s
jolted	P
jolts	s
joneses	s
jostled	P
jotted	P
joules	s
journaled	P
journals	s
journeyed	P
journeys	s
jousts	s
jowls	s
joys	s
joysticks	s
jpegs	s
judged	P
judges	s
juggled	P
juggles	s
jugs	s
juiced	P
juices	S
jukeboxes	s
juked	P
jukes	s
julienned	P
jumbled	P
jumbles	S
jumped	P
jumpers	s
jumps	s
junctions	s
junked	P
junkets	s
junks	S
juried	P
juries	s
justified	P
justifies	S
juts	s
jutted	P
juxtaposed	P
juxtaposes	S
juxtapositions	s
kabobs	s
kamikazes	s
kangaroos	s
karts	s
kaws	s
kayaks	s
kazoos	s
kebabs	s
keeled	P
keels	s
keeps	S
kegels	s
kegs	s
keloids	s
kemps	s
kennels	s
kens	S
kents	s
kept	P
keratinized	P
kerbs	s
kerns	S
kettles	s
keyboards	s
keyed	P
keyframes	S
keyholes	S
keynotes	s
keys	s
keystones	s
keystrokes	s
keywords	s
kibbles	S
kicked	P
kicks	s
kickstarted	P
kidded	P
kiddies	s
kidnapped	P
kidnaps	S
kids	s
killed	P
kills	s
kilns	s
kilted	P
kilts	S
kindled	P
kindles	s
kings	s
kinked	P
kinks	s
kippers	s
kips	S
kissed	P
kisses	s
kitchens	s
kites	s
kits	s
kitted	P
kittens	s
klaxons	s
knackered	P
knackers	s
knacks	s
kneaded	P
kneecaps	s
kneed	P
kneels	S
knees	s
knelt	P
knew	P
knicks	S
knifed	P
knifes	S
knighted	P
knights	s
knits	s
knives	s
knobbed	P
knobs	s
knockdowns	s
knocked	P
knocks	s
knolls	s
knots	s
knotted	P
knowledges	S
knows	s
knuckled	P
knuckles	s
knurled	P
kohls	s
labelled	P
labels	s
labored	P
labors	s
laboured	P
labours	s
labyrinths	s
laced	P
lacerated	P
laces	S
lacked	P
lackeys	s
lacks	s
lacquered	P
lacquers	s
ladders	s
ladles	s
lagers	s
lagged	P
lags	S
laid	P
lairds	s
lairs	s
lakes	s
lambasted	P
lambs	s
lamed	P
lamented	P
laments	s
lames	s
laminated	P
laminates	S
lampooned	P
lampoons	s
lamps	s
lampshades	s
lanced	P
lances	s
lancets	s
landed	P
landes	s
landfills	s
landlocked	P
landmarks	s
landmines	S
lands	s
landscaped	P
landscapes	S
landslides	s
languages	S
languished	P
languishes	S
lanterns	s
lapped	P
laps	s
lapsed	P
lapses	s
lares	S
larks	s
larned	P
lasered	P
lasers	s
lashed	P
lashes	s
lassoed	P
lasted	P
lasts	s
latched	P
latches	s
laterals	s
lathered	P
lathers	s
lathes	s
latinized	P
latticed	P
lattices	s
lauded	P
lauds	s
laughed	P
laughs	s
launched	P
launches	s
laundered	P
launders	s
laureates	s
laurels	S
lavished	P
lavishes	S
lawes	s
laws	S
lawyered	P
lawyers	s
layed	P
layered	P
layers	s
lays	S
leached	P
leaches	s
leaded	P
leads	S
leafed	P
leaflets	S
leafs	s
leaguers	s
leagues	s
leaked	P
leaks	S
leaned	P
leans	s
leaped	P
leapfrogged	P
leaps	s
learned	P
learns	s
leased	P
leases	s
leashed	P
leashes	s
leathers	s
leavened	P
leaves	s
lectured	P
lectures	s
ledgers	s
ledges	s
leeches	s
leered	P
leers	s
left	P
legalised	P
legalized	P
legalizes	S
legates	s
legends	s
leges	S
legged	P
legions	s
legislated	P
legislates	S
legitimated	P
legitimised	P
legitimized	P
legitimizes	S
legs	s
lemons	s
lends	s
lengthened	P
lengthens	S
lengths	s
lensed	P
lenses	s
lent	P
lesions	s
lessened	P
lessens	S
lessons	s
lets	s
letterboxes	s
lettered	P
letters	s
levees	s
leveled	P
levels	S
levens	s
leveraged	P
leverages	S
levered	P
levers	s
levied	P
levies	s
levitated	P
levitates	S
lewds	S
liaised	P
liaisons	s
libbed	P
libels	S
liberalised	P
liberalized	P
liberated	P
liberates	S
libs	S
licenced	P
licences	S
licensed	P
licenses	S
licked	P
licks	S
lidded	P
lids	s
lies	s
lifeboats	s
lifted	P
lifts	S
ligated	P
ligatures	S
lightened	P
lightens	S
lighters	s
lightnings	s
lights	S
liked	P
likened	P
likenesses	s
likens	S
likes	s
limbed	P
limbs	s
limes	S
limited	P
limits	s
limped	P
limps	s
linearized	P
lined	P
lines	s
lingered	P
lingers	S
linked	P
linkers	S
links	s
lins	s
lionized	P
lipped	P
lipsticks	s
liquefied	P
liquefies	S
liqueurs	s
liquidated	P
liquified	P
liquors	s
listed	P
listened	P
listens	s
lists	s
lites	s
lithographed	P
lithographs	s
litigated	P
lits	s
littered	P
litters	s
lived	P
livened	P
livens	S
liveried	P
liveries	S
lives	s
livestreamed	P
livestreams	S
loaded	P
loads	s
loafs	s
loams	s
loaned	P
loans	s
loathed	P
loathes	S
loaves	s
lobbed	P
lobbied	P
lobbies	s
lobotomized	P
lobs	s
lobsters	s
localised	P
localized	P
localizes	S
located	P
locates	S
locked	P
locks	s
locos	s
locusts	s
lodged	P
lodges	s
lofted	P
lofts	s
logged	P
logics	S
logs	s
loitered	P
loled	P
lolled	P
lols	s
longboards	S
longed	P
longlisted	P
longs	s
looked	P
looks	s
loomed	P
looms	s
looped	P
loopholes	s
loops	s
loos	S
loosed	P
loosened	P
loosens	S
looses	s
looted	P
loots	s
lopes	s
lopped	P
lops	s
lorded	P
lords	s
lore	P
lorries	s
loses	S
lost	P
lotions	s
lots	s
lounged	P
lounges	s
louts	s
loved	P
loves	S
lowered	P
lowers	S
lowlights	s
lows	s
lozenges	s
lubed	P
lubes	S
lubricated	P
lubricates	S
lucked	P
lucks	s
lugged	P
lugs	s
lullabies	s
lulled	P
lulls	s
lumbered	P
lumberjacks	S
lumbers	s
lumped	P
lumps	s
lunched	P
luncheons	s
lunches	S
lunged	P
lunges	s
lurched	P
lurches	s
lured	P
lures	s
lurked	P
lurks	s
lusted	P
lusts	s
lutes	s
lynched	P
lyophilized	P
lysed	P
maad	P
maas	S
mabs	s
maced	P
macerated	P
maces	s
machetes	s
machined	P
machineguns	s
machines	s
macks	s
madams	S
maddened	P
maddens	S
made	P
mads	S
magics	S
magnetised	P
magnetized	P
magnified	P
magnifies	S
magpies	s
mags	s
mailed	P
mails	S
maimed	P
mained	P
mains	s
mainstreamed	P
maintained	P
maintains	S
majored	P
majors	s
makes	s
maks	S
malcontents	s
malfunctioned	P
malfunctions	s
maligned	P
mallets	s
malls	s
malnourished	P
malted	P
maltreated	P
malts	s
manacled	P
manacles	s
managed	P
manages	S
mandated	P
mandates	s
manders	S
maneuvered	P
maneuvers	s
manged	P
manges	s
mangled	P
mangles	s
mangoes	S
manhandled	P
manicured	P
manicures	s
manifested	P
manifestos	s
manifests	s
manifolds	s
manipulated	P
manipulates	S
manned	P
manoeuvred	P
manoeuvres	s
mans	S
mantels	s
mantled	P
mantles	s
manufactured	P
manufactures	s
manures	S
mapped	P
maps	s
marathons	s
marbled	P
marbles	S
marched	P
marches	s
marginalised	P
marginalized	P
marginalizes	S
margined	P
margins	s
marinades	S
marinated	P
marionettes	s
marked	P
markers	s
marketed	P
markets	s
marks	s
marls	s
marooned	P
maroons	s
marquees	s
marred	P
married	P
marries	S
mars	s
marshalled	P
marshals	s
marshmallows	s
marts	s
martyred	P
martyrs	s
marvelled	P
marvels	s
mascaras	s
mashed	P
mashes	S
masked	P
masks	s
masons	s
masqueraded	P
masquerades	s
masques	s
massacred	P
massacres	S
massaged	P
massages	S
massed	P
masses	S
masted	P
mastered	P
masterminded	P
masterminds	s
masters	s
masts	s
masturbated	P
masturbates	S
matched	P
matches	s
mated	P
materialised	P
materialises	S
materialized	P
materializes	S
materials	S
mates	s
maths	s
matinees	s
matriculated	P
mats	s
matted	P
mattered	P
matters	s
mattocks	s
mattresses	s
matured	P
matures	S
mauled	P
mauls	s
mavericks	s
maxed	P
maxes	S
maximised	P
maximises	S
maximized	P
maximizes	S
mayes	s
mays	s
mazes	s
meals	s
meandered	P
meanders	s
means	S
meant	P
measured	P
measures	s
mechanised	P
mechanized	P
medaled	P
medals	s
meddled	P
meddles	S
mediated	P
mediates	S
medicated	P
medicines	S
meditated	P
meditates	S
medleys	s
meeks	S
meets	s
megaphones	S
melded	P
melds	s
meles	s
mellowed	P
mellows	s
melted	P
melts	S
membered	P
members	s
memed	P
memes	s
memorialised	P
memorialized	P
memorializes	S
memorised	P
memorized	P
memorizes	S
memos	s
menaced	P
menaces	s
mended	P
mends	s
menses	s
mentioned	P
mentions	s
mentored	P
mentors	s
meowed	P
meows	s
merced	P
merchandised	P
merchandises	S
merchants	s
mercies	S
meres	s
merged	P
merges	s
merited	P
merits	s
meshed	P
meshes	S
mesmerised	P
mesmerized	P
messaged	P
messages	s
messed	P
messengers	s
messes	S
metabolised	P
metabolized	P
metabolizes	S
metallized	P
metals	S
metamorphosed	P
metamorphoses	S
metaphors	s
metastasized	P
meted	P
meteors	s
metered	P
meters	s
metes	s
methods	S
methylated	P
metres	s
metrics	s
metropolises	S
mets	S
mews	s
mickeys	s
microchipped	P
microchips	s
microfilmed	P
microfilms	S
micrographs	s
micromanaged	P
micronized	P
microphones	s
micros	S
microscopes	s
microwaved	P
microwaves	s
mics	s
middles	s
midwives	s
miffed	P
migrated	P
migrates	S
miked	P
mikes	s
milestones	s
militarised	P
militarized	P
milked	P
milks	s
milkshakes	s
milled	P
mills	s
mimed	P
mimeographed	P
mimes	S
mimicked	P
mimics	s
minced	P
minded	P
minds	s
mined	P
mineralized	P
mines	s
mingled	P
mingles	s
mings	s
miniatures	s
miniaturised	P
miniaturized	P
minicabs	s
minimised	P
minimises	S
minimized	P
minimizes	S
ministered	P
ministers	S
minnows	s
minored	P
minors	s
mins	s
minted	P
mints	s
minuets	s
minuses	s
minuted	P
minutes	s
miracles	s
mirages	s
mired	P
mires	S
mirrored	P
mirrors	s
misaligned	P
misapplied	P
misappropriated	P
misattributed	P
misbehaved	P
misbehaves	S
miscalculated	P
miscarried	P
mischaracterized	P
misclassified	P
misconceived	P
misconstrued	P
miscounted	P
miscues	s
misdiagnosed	P
misdirected	P
misfired	P
misfires	s
misfits	s
misfolded	P
misgendered	P
misguided	P
mishandled	P
mishaps	s
misheard	P
misidentified	P
misinformed	P
misinterpreted	P
misinterprets	S
misjudged	P
mislaid	P
misleads	S
misled	P
mismanaged	P
mismatched	P
mismatches	s
misnamed	P
misplaced	P
misplayed	P
misprinted	P
misprints	s
mispronounced	P
misquoted	P
misreads	s
misremembered	P
misreported	P
misrepresented	P
misrepresents	S
missed	P
misses	s
missions	s
misspells	S
misspelt	P
misspent	P
misspoke	P
misstated	P
missteps	s
mistakes	s
misted	P
misters	s
mistimed	P
mistook	P
mistranslated	P
mistreated	P
mistreats	S
mistresses	s
mistrusted	P
mistrusts	s
mists	s
mistyped	P
misunderstands	S
misunderstood	P
misused	P
misuses	S
miters	s
mitigated	P
mitigates	S
mittens	s
mixed	P
mixes	s
moaned	P
moans	s
moated	P
moats	s
mobbed	P
mobilised	P
mobilized	P
mobilizes	S
mobs	s
mocked	P
mocks	s
modded	P
modelled	P
models	s
modems	s
moderated	P
moderates	S
modernised	P
modernized	P
modified	P
modifies	S
mods	S
modulated	P
modulates	S
mogs	s
moistened	P
moisturised	P
moisturized	P
molded	P
molds	s
molested	P
molesters	s
molests	S
mollies	s
mollified	P
molted	P
molts	s
mommies	s
moms	s
monetised	P
monetized	P
mongers	s
monitored	P
monitors	s
monkeys	s
monks	s
monogrammed	P
monograms	s
monographs	s
monoliths	s
monologues	S
monopolised	P
monopolized	P
monsters	s
montages	S
monuments	s
mooned	P
moonlights	s
moons	s
moored	P
moors	s
moos	s
mooted	P
moots	s
moped	P
mopes	s
mopped	P
mops	s
morals	s
mores	s
morphed	P
morphs	s
mortared	P
mortars	s
mortgaged	P
mortgages	s
mortified	P
mosquitoes	s
mosquitos	s
mosses	S
motels	s
motes	s
mothballed	P
mothballs	s
mothered	P
mothers	s
moths	s
motioned	P
motions	s
motivated	P
motivates	S
motives	s
motorbikes	s
motorboats	S
motorcycles	s
motored	P
motorised	P
motorized	P
motors	s
mottled	P
moulded	P
moulds	s
mounded	P
mounds	S
mountaineers	s
mounted	P
mounts	s
mourned	P
mourns	S
mouses	S
mouthed	P
mouths	s
moved	P
moves	s
mowed	P
mows	s
moyles	s
msgs	s
mucked	P
mucks	s
muddied	P
muddies	S
muddled	P
muddles	s
muds	S
muffed	P
muffled	P
muffles	s
muffs	s
mugged	P
muggles	S
mugs	s
mulched	P
mulches	S
mullahs	S
mulled	P
mullioned	P
mullions	s
mulls	S
multiplexed	P
multiplexes	s
multiplied	P
multiplies	s
mumbled	P
mumbles	s
mummies	S
mummified	P
mumps	s
mums	s
munched	P
munches	s
munitions	s
murals	s
murdered	P
murders	s
murmured	P
murmurs	s
muscled	P
muscles	S
mused	P
muses	s
mushed	P
mushroomed	P
mushrooms	s
musics	S
mussed	P
mustachioed	P
mustered	P
musters	s
musts	s
mutated	P
mutates	S
muted	P
mutes	s
mutilated	P
mutilates	S
mutineers	s
mutinied	P
mutinies	S
muttered	P
mutters	s
muzzled	P
muzzles	s
myelinated	P
mystified	P
mystifies	S
mythologized	P
nabbed	P
nabs	s
nagged	P
nags	s
nailed	P
nails	S
naked	P
named	P
names	s
namesakes	s
namespaces	S
nannies	s
nanomachines	s
napped	P
nappies	s
naps	s
narcs	s
narrated	P
narrates	S
narrowed	P
narrows	s
nationalised	P
nationalized	P
naturalised	P
naturalized	P
natured	P
natures	S
nauseated	P
navigated	P
navigates	S
navs	S
navvies	s
nays	s
neared	P
nears	s
necessitated	P
necessitates	S
necked	P
necklaces	s
necks	s
needed	P
needled	P
needles	s
needs	s
negated	P
negates	S
negatives	s
neglected	P
neglects	s
negotiated	P
negotiates	S
negs	s
neighbors	s
neighbours	s
nerfed	P
nerfs	s
nerves	s
nested	P
nestled	P
nestles	S
nests	s
nets	s
netted	P
nettles	s
networked	P
networks	s
neutered	P
neuters	s
neutralised	P
neutralized	P
neutralizes	S
newfangled	P
newspapers	s
nibbled	P
nibbles	s
nibs	s
niches	s
nicked	P
nickels	S
nicknamed	P
nicknames	s
nicks	s
niggers	S
niggles	s
nightclubs	S
nights	s
nigs	s
nims	S
ninjas	s
nipped	P
nippers	s
nipples	s
nips	s
nitrates	s
nits	s
nixed	P
nixes	S
nobs	s
nodded	P
nods	s
noises	S
nominated	P
nominates	S
noms	s
nonplussed	P
noodles	s
nooks	s
noons	S
nooses	s
normalised	P
normalized	P
normalizes	S
normed	P
norms	s
norns	S
norths	s
nosed	P
noses	s
notarized	P
notated	P
notched	P
notches	s
noted	P
notes	S
noticed	P
notices	S
notified	P
notifies	S
notts	S
noughts	s
nouns	s
nourished	P
nourishes	s
noyes	s
nuanced	P
nuances	S
nubs	s
nucleated	P
nudged	P
nudges	s
nuked	P
nukes	s
nulled	P
nullified	P
nullifies	S
nulls	s
numbed	P
numbered	P
numbers	s
numbs	S
nursed	P
nurses	s
nurtured	P
nurtures	S
nutmegs	S
nuts	s
nutted	P
nuzzled	P
nuzzles	S
oakes	s
oaks	s
oars	s
oaths	s
obelisks	s
obeyed	P
obeys	S
obfuscated	P
objected	P
objectified	P
objectifies	S
objects	s
obligated	P
obligates	S
obliged	P
obliges	S
obliques	s
obliterated	P
obliterates	S
obscured	P
obscures	S
observed	P
observes	S
obsessed	P
obsesses	S
obstructed	P
obstructs	S
obtained	P
obtains	S
obviated	P
obviates	S
occasioned	P
occasions	s
occluded	P
occupied	P
occupies	S
occurred	P
occurs	S
offed	P
offended	P
offends	S
offered	P
offers	s
officers	s
offices	s
officiated	P
officiates	s
offloaded	P
offloads	s
offred	P
offs	s
offsets	s
ogled	P
ohs	s
oiled	P
oils	s
okayed	P
okays	s
omens	s
omits	S
omitted	P
omnibuses	s
oms	s
ondes	S
ones	s
onsets	s
onwards	S
oohs	s
oozed	P
oozes	S
oped	P
opened	P
opens	s
operated	P
operates	S
operationalized	P
opes	S
opiates	S
opined	P
opines	S
opinionated	P
opinions	s
opposed	P
opposes	S
oppressed	P
oppresses	S
ops	s
opted	P
optimised	P
optimized	P
optimizes	S
optioned	P
options	s
opts	S
oracles	s
oranges	S
orations	s
orbited	P
orbits	s
orbs	s
orchestrated	P
orchestrates	S
ordained	P
ordains	S
ordered	P
orders	s
ordinated	P
ordinates	s
organised	P
organises	S
organized	P
organizes	S
organs	s
orgasmed	P
orgasms	s
orientated	P
oriented	P
orients	s
originated	P
originates	S
ornamented	P
ornaments	s
orphaned	P
orphans	s
oscillated	P
oscillates	S
ossified	P
ostracised	P
ostracized	P
others	s
ousted	P
ousts	S
outbreaks	S
outbursts	s
outcasts	S
outclassed	P
outcries	s
outcrops	s
outdated	P
outdid	P
outdoes	S
outdoors	S
outed	P
outfits	s
outfitted	P
outflanked	P
outflows	s
outfoxed	P
outgained	P
outgrew	P
outgroups	s
outgrows	S
outgunned	P
outlands	s
outlasted	P
outlasts	S
outlawed	P
outlaws	s
outlays	S
outlined	P
outlines	s
outlived	P
outlives	S
outlooks	s
outmaneuvered	P
outmatched	P
outmoded	P
outnumbered	P
outnumbers	S
outpaced	P
outpaces	S
outperformed	P
outperforms	S
outplayed	P
outpointed	P
outputs	S
outraged	P
outrages	S
outran	P
outranked	P
outranks	S
outruns	s
outs	s
outscored	P
outsells	S
outshines	S
outshone	P
outshot	P
outsized	P
outskirts	s
outsmarted	P
outsmarts	S
outsold	P
outsourced	P
outsources	S
outspent	P
outstretched	P
outstripped	P
outstrips	S
outtakes	s
outvoted	P
outwards	s
outweighed	P
outweighs	S
outwitted	P
ovations	s
overages	S
overawed	P
overbooked	P
overbought	P
overbuilt	P
overburdened	P
overcame	P
overcharged	P
overcharges	s
overclocked	P
overcoats	s
overcomes	s
overcooked	P
overcrowded	P
overdeveloped	P
overdid	P
overdosed	P
overdoses	s
overdrafts	s
overdressed	P
overdubbed	P
overdubs	s
overeducated	P
overemphasized	P
overestimated	P
overestimates	s
overexcited	P
overexposed	P
overexpressed	P
overextended	P
overfed	P
overfilled	P
overfished	P
overflowed	P
overflows	S
overhangs	s
overhauled	P
overhauls	s
overheard	P
overhears	S
overheated	P
overheats	s
overhung	P
overhyped	P
overinflated	P
overjoyed	P
overlaid	P
overlapped	P
overlaps	s
overlays	s
overlies	S
overloaded	P
overloads	s
overlooked	P
overlooks	s
overlords	s
overmatched	P
overnights	s
overpaid	P
overpasses	s
overplayed	P
overpopulated	P
overpowered	P
overpowers	S
overpriced	P
overprinted	P
overproduced	P
overran	P
overrated	P
overreached	P
overreacted	P
overreacts	S
overrepresented	P
overrides	s
overrode	P
overruled	P
overrules	S
overruns	S
overs	s
oversaturated	P
oversaw	P
oversees	S
overshadowed	P
overshadows	S
overshoots	s
overshot	P
oversights	s
oversimplified	P
oversimplifies	S
oversized	P
overslept	P
oversold	P
overspent	P
overstated	P
overstates	S
overstayed	P
overstepped	P
oversteps	S
overstimulated	P
overstocked	P
overstressed	P
overstretched	P
overstuffed	P
oversubscribed	P
overtakes	S
overtaxed	P
overthrew	P
overthrows	s
overtimes	S
overtired	P
overtones	s
overtook	P
overtures	s
overturned	P
overturns	s
overused	P
overvalued	P
overviews	S
overwhelmed	P
overwhelms	s
overworked	P
overwrites	s
ovulated	P
owed	P
owes	S
owls	s
owned	P
owns	S
oxidised	P
oxidized	P
oxidizes	S
oxygenated	P
oysters	s
paced	P
paces	s
pacified	P
packaged	P
packages	S
packed	P
packets	s
packs	S
pacts	s
padded	P
paddled	P
paddles	s
paddocks	s
padlocked	P
padlocks	s
pads	s
paeans	s
pageants	s
paged	P
pages	s
paid	P
pained	P
pains	S
paintballs	s
painted	P
paints	s
paired	P
pairs	s
palaces	s
palates	s
paled	P
pales	S
palisades	s
pallets	s
palmed	P
palms	s
palpated	P
palps	s
pals	s
pampered	P
pampers	S
pams	S
pancaked	P
pancakes	s
pandered	P
panders	s
paned	P
panelled	P
panels	s
panes	s
pangs	s
panicked	P
panics	S
panned	P
pans	s
pansies	s
panted	P
pantomimes	S
pantsed	P
paperbacks	s
paperclips	s
papered	P
papers	s
paps	s
parables	s
parachuted	P
parachutes	s
paraded	P
parades	S
paradises	S
paragons	s
paragraphs	S
paralleled	P
parallelized	P
parallels	s
paralysed	P
paralyses	S
paralyzed	P
paralyzes	S
parameterized	P
parametrized	P
paraphrased	P
paraphrases	S
parasitized	P
parasols	s
parboiled	P
parceled	P
parcels	s
parched	P
pardoned	P
pardons	s
pared	P
parented	P
parents	s
pares	S
parishes	S
parked	P
parks	s
parlayed	P
parlays	s
parodied	P
parodies	S
paroled	P
paroles	S
parried	P
parries	s
parroted	P
parrots	s
pars	S
parsed	P
parses	s
partakes	S
parted	P
partials	s
participated	P
participates	S
particularized	P
partied	P
parties	s
partitioned	P
partitions	s
partnered	P
partners	s
partook	P
parts	s
passages	s
passed	P
passengers	s
passes	s
passions	s
passwords	s
pasted	P
pastes	S
pasteurised	P
pasteurized	P
pastimes	s
pastored	P
pastors	s
pastured	P
pastures	S
patched	P
patches	s
patented	P
patents	s
paths	s
patrolled	P
patrols	S
patronised	P
patronized	P
patrons	s
pats	s
patted	P
patterned	P
patterns	s
patters	s
paused	P
pauses	s
paved	P
paves	S
pavilions	s
pawed	P
pawned	P
pawns	s
paws	s
payrolls	s
pays	S
paywalls	s
peaces	S
peaches	s
peacocks	s
peaked	P
peaks	s
pealed	P
peals	s
peanuts	s
pearled	P
pearls	s
pebbled	P
pebbles	S
pecked	P
pecks	s
pedagogues	s
pedalled	P
pedals	s
peddled	P
peddles	S
pedestals	s
pedestrianised	P
pedicures	s
pedigreed	P
pedigrees	S
peed	P
peeked	P
peeks	S
peeled	P
peels	S
peeped	P
peeps	s
peered	P
peers	s
pees	S
peeved	P
peeves	s
pegged	P
pegs	s
pegylated	P
pelleted	P
pellets	s
pelted	P
pelts	s
penalised	P
penalized	P
penalizes	S
penances	S
pencilled	P
pencils	s
penetrated	P
penetrates	S
penned	P
pennies	s
pens	s
pensioned	P
pensions	s
penthouses	s
peopled	P
peoples	S
peppered	P
peppers	s
peps	S
perceived	P
perceives	S
perched	P
perches	s
percolated	P
percolates	s
perfected	P
perfections	s
perfects	s
perforated	P
performed	P
performs	S
perfumed	P
perfumes	S
perfused	P
perils	S
periods	s
periscopes	s
perished	P
perishes	S
perjured	P
perked	P
perks	s
permeated	P
permeates	S
permed	P
permissions	s
permits	s
permitted	P
perms	s
permuted	P
peroxides	S
perpetrated	P
perpetuated	P
perpetuates	S
perplexed	P
perplexes	s
persecuted	P
persecutes	S
persevered	P
perseveres	S
persisted	P
persists	S
personalised	P
personalized	P
personified	P
personifies	S
persons	s
persuaded	P
persuades	S
pertained	P
pertains	S
perturbed	P
perused	P
pervaded	P
pervades	S
perverted	P
perverts	s
pervs	s
pestered	P
pesters	s
petered	P
peters	s
petitioned	P
petitions	s
petrified	P
pets	s
petted	P
petticoats	s
pews	s
phagocytes	S
phased	P
phasers	S
phases	s
phenotypes	s
phials	s
philosophies	S
phoned	P
phones	s
phonies	s
phonographs	s
phosphates	s
phosphorylated	P
phosphorylates	S
photobombed	P
photobombs	s
photocopied	P
photocopies	s
photographed	P
photographs	s
photos	s
photoshopped	P
photoshops	s
phrased	P
phrases	s
physics	S
pickaxes	s
picked	P
picketed	P
pickets	s
pickled	P
pickles	s
pickpockets	s
picks	s
picnics	s
pictured	P
pictures	s
pieced	P
pieces	s
pied	P
pierced	P
pierces	s
pies	S
pigeonholed	P
pigeons	s
piggybacked	P
pigmented	P
pigments	s
pigs	s
pikes	s
piled	P
piles	s
pilfered	P
pilgrimages	s
pilgrims	s
pillaged	P
pillared	P
pillars	s
pilled	P
pilloried	P
pillows	s
pills	s
piloted	P
pilots	s
pimped	P
pimples	s
pimps	s
pincers	s
pinched	P
pinches	S
pined	P
pines	S
pinged	P
pings	s
pinholes	S
pinions	s
pinks	s
pinnacles	s
pinned	P
pinpointed	P
pinpoints	s
pinpricks	s
pins	s
pinwheels	s
pioneered	P
pioneers	s
piped	P
pipelined	P
pipelines	s
pipes	s
pipettes	s
pipped	P
pips	s
piqued	P
piques	S
pirated	P
pirates	s
pirouettes	s
pissed	P
pisses	S
pistols	s
pistons	s
pitched	P
pitches	S
pitchforks	s
pitied	P
pities	S
pitons	s
pits	s
pitted	P
pivoted	P
pivots	s
pixelated	P
pixels	s
pixilated	P
placards	s
placated	P
placed	P
places	s
plagiarised	P
plagiarized	P
plagued	P
plagues	S
plains	s
plaited	P
plaits	s
planed	P
planes	s
planked	P
planks	s
planned	P
plans	s
planted	P
plants	s
plastered	P
plasters	s
plasticized	P
plateaued	P
plateaus	s
plated	P
plates	s
platforms	S
platoons	s
plats	s
platted	P
played	P
playlists	S
plays	s
pleaded	P
pleads	S
pleas	s
pleased	P
pleases	S
pleasured	P
pleasures	S
pleated	P
pleats	s
pledged	P
pledges	s
plied	P
plies	s
plights	s
plodded	P
plods	S
plonked	P
plopped	P
plops	s
plots	s
plotted	P
plotters	s
ploughed	P
ploughs	s
plowed	P
plows	s
ploys	s
plucked	P
plucks	S
plugged	P
plugs	S
plumbed	P
plumed	P
plumes	s
plummeted	P
plummets	s
plumped	P
plumps	s
plums	S
plundered	P
plunders	s
plunged	P
plunges	s
plunked	P
pluralized	P
pluses	s
poached	P
pocked	P
pocketed	P
pockets	s
podcasts	s
podded	P
podiums	s
pods	s
pogroms	s
pointed	P
points	s
poised	P
poisoned	P
poisons	s
poked	P
pokes	s
polarised	P
polarized	P
polarizes	S
polaroids	s
polders	s
poled	P
poles	s
policed	P
polices	S
policies	S
polished	P
polishes	S
politicised	P
politicized	P
politics	s
polkas	s
polled	P
pollens	s
pollinated	P
polls	s
polluted	P
pollutes	S
polygraphs	s
polymerized	P
polymorphs	S
polys	s
pondered	P
ponders	s
ponds	S
ponied	P
ponies	s
pooches	s
pooed	P
poofs	s
poohed	P
pooled	P
pools	s
pooped	P
poops	S
poos	s
poots	s
popes	s
popped	P
pops	S
popularised	P
popularized	P
populated	P
populates	S
pored	P
pores	s
porpoises	S
portages	S
ported	P
portends	S
porters	s
portioned	P
portions	s
portraits	s
portrayed	P
portrays	S
ports	s
posed	P
poses	s
posited	P
positioned	P
positions	s
posits	s
posses	s
possessed	P
possesses	S
possessions	s
postcards	s
postcodes	s
posted	P
posters	s
postmarked	P
postmarks	S
postponed	P
postpones	S
posts	s
postulated	P
postulates	s
postured	P
postures	S
potentiated	P
potions	s
pots	s
potshots	s
potted	P
potters	s
potties	s
pouched	P
pouches	s
poultices	s
pounced	P
pounces	s
pounded	P
pounds	s
poured	P
pours	s
pouted	P
pouts	s
powdered	P
powders	s
powered	P
powers	s
practiced	P
practices	S
practised	P
practises	s
praised	P
praises	S
pranced	P
prances	s
pranked	P
pranks	s
prawns	S
prayed	P
prays	S
preached	P
preaches	s
preamps	s
preapproved	P
prearranged	P
prebuilt	P
precautions	s
preceded	P
precedents	s
precedes	s
precepts	s
precipitated	P
precipitates	s
precluded	P
precludes	S
preconceived	P
preconditions	s
precooked	P
pred	P
predated	P
predates	s
predeceased	P
predefined	P
predestined	P
predetermined	P
predicated	P
predicates	s
predicted	P
predicts	s
predisposed	P
predisposes	S
predominated	P
predominates	S
preempted	P
preempts	s
prefabricated	P
prefabs	s
prefaced	P
prefaces	s
preferences	S
preferred	P
prefers	S
prefigured	P
prefigures	s
prefilled	P
prefixed	P
prefixes	s
preformed	P
preforms	s
preheated	P
preinstalled	P
prejudiced	P
prejudices	S
prelates	s
preloaded	P
preludes	s
premade	P
premeditated	P
premiered	P
premieres	s
premiers	s
premised	P
premises	s
premixed	P
preoccupied	P
preordained	P
preordered	P
preorders	s
prepackaged	P
prepaid	P
prepared	P
prepares	S
preplanned	P
prepositions	s
prepped	P
preprints	S
preprogrammed	P
preps	S
prerecorded	P
pres	S
presaged	P
presages	s
preschools	s
prescribed	P
prescribes	S
preselected	P
presences	S
presented	P
presents	s
preserved	P
preserves	S
presets	s
presided	P
presides	S
pressed	P
presses	S
pressured	P
pressures	S
pressurised	P
pressurized	P
prestes	s
prestressed	P
presumed	P
presumes	S
presupposed	P
presupposes	S
pretended	P
pretends	S
pretensions	s
pretexts	s
pretreated	P
pretties	s
pretzels	s
prevailed	P
prevails	S
prevented	P
prevents	S
previewed	P
previews	S
preyed	P
preys	s
priced	P
prices	s
pricked	P
prickles	s
pricks	s
prided	P
prides	S
pried	P
pries	s
priestesses	s
priests	S
primaries	s
primed	P
primes	s
primroses	s
principled	P
principles	s
pringles	S
prins	s
printed	P
prints	s
prioritised	P
prioritises	S
prioritized	P
prioritizes	S
prised	P
prisons	s
privateers	s
privatised	P
privatized	P
privileged	P
privileges	S
prized	P
prizes	s
probated	P
probed	P
probes	s
proceeded	P
proceeds	S
processed	P
processes	s
processions	s
proclaimed	P
proclaims	S
procrastinated	P
procs	s
proctors	s
procured	P
procures	S
prodded	P
prods	s
produced	P
produces	S
products	s
profaned	P
professed	P
professes	S
professionalized	P
proffered	P
proffers	s
profiled	P
profiles	S
profited	P
profiteers	s
profits	s
programmed	P
programmes	s
programs	s
progressed	P
progresses	S
progs	s
prohibited	P
prohibits	S
projected	P
projects	s
prolapsed	P
proliferated	P
proliferates	S
prologues	s
prolonged	P
prolongs	S
promenades	s
promised	P
promises	S
promos	s
promoted	P
promotes	S
prompted	P
prompts	s
promulgated	P
promulgates	S
pronged	P
prongs	s
pronounced	P
pronounces	S
proofed	P
proofs	s
propagandized	P
propagated	P
propagates	S
propelled	P
propels	S
properties	s
prophecies	S
prophesied	P
prophesies	S
proportioned	P
proportions	s
proposed	P
proposes	s
propositioned	P
propositions	s
propounded	P
propped	P
props	s
prorated	P
prorogued	P
proscribed	P
prosecuted	P
prosecutes	S
proselytes	s
prospected	P
prospects	s
prospered	P
prospers	S
prostituted	P
prostitutes	s
prostrated	P
protected	P
protects	S
protested	P
protests	s
protocols	S
protonated	P
prototyped	P
prototypes	s
protracted	P
protruded	P
protrudes	S
proved	P
proverbs	s
proves	s
provided	P
provides	S
provisioned	P
provisions	s
provoked	P
provokes	S
provosts	s
prowled	P
prowls	s
proxies	s
pruned	P
prunes	s
psalms	s
psyched	P
psyches	s
publicised	P
publicized	P
published	P
publishes	S
pubs	s
puckered	P
puckers	s
pucks	s
puddles	s
pues	S
puffed	P
puffs	s
pugs	s
puked	P
pukes	S
pulled	P
pulleys	s
pulls	s
pulped	P
pulps	s
pulsates	S
pulsed	P
pulses	s
pulverised	P
pulverized	P
pummelled	P
pummels	s
pumped	P
pumps	s
punched	P
punches	S
punctuated	P
punctuates	S
punctured	P
punctures	s
punished	P
punishes	S
punked	P
punks	s
puns	s
punted	P
punts	s
puppeteers	s
puppies	s
pups	s
purchased	P
purchases	S
pureed	P
purees	S
purged	P
purges	s
purified	P
purifies	S
purloined	P
purples	s
purported	P
purports	s
purposed	P
purposes	S
purred	P
purrs	s
pursed	P
purses	S
pursued	P
pursues	S
puréed	P
pushed	P
pushes	S
puts	s
putted	P
putters	s
putts	s
puzzled	P
puzzles	s
pwned	P
pyramids	s
quacks	s
quadrupled	P
quadruples	S
quads	s
quagmires	s
quails	s
quakes	s
qualified	P
qualifies	S
qualms	s
quantified	P
quantifies	S
quantized	P
quants	s
quarantined	P
quarantines	s
quarrelled	P
quarrels	s
quarried	P
quarries	s
quarterbacks	s
quartered	P
quarters	s
quashed	P
quavers	s
quays	s
queens	s
queers	s
quelled	P
quenched	P
quenches	s
queried	P
queries	s
quested	P
questioned	P
questionnaires	s
questions	s
quests	s
queued	P
queues	s
quibbles	s
quickened	P
quickens	s
quicks	s
quids	s
quieted	P
quietened	P
quiets	s
quills	s
quilted	P
quilts	s
quintupled	P
quipped	P
quips	s
quirks	s
quits	s
quitters	S
quivered	P
quivers	s
quizzed	P
quizzes	s
quoins	s
quoted	P
quotes	s
rabbits	S
raced	P
races	S
racialized	P
racked	P
racketeers	s
rackets	s
racks	s
raconteurs	s
racquets	s
radars	s
radiated	P
radiates	s
radicalised	P
radicalized	P
radioed	P
radiographs	s
radiolabeled	P
radios	s
raffled	P
raffles	s
rafted	P
rafters	s
rafts	s
raged	P
rages	S
ragged	P
rags	s
raided	P
raids	s
railed	P
railroaded	P
railroads	s
rails	s
rainbows	s
rained	P
raines	s
rains	s
raised	P
raises	s
raisins	s
raked	P
rakes	s
rallied	P
rallies	s
ralphs	s
rambled	P
rambles	s
ramified	P
rammed	P
rampaged	P
rampages	s
ramparts	s
ramped	P
ramps	s
rams	s
ran	P
ranches	s
randomised	P
randomized	P
rands	s
ranged	P
rangers	s
ranges	s
ranked	P
rankled	P
rankles	s
ranks	s
ransacked	P
ransomed	P
ransoms	S
ranted	P
rants	s
raped	P
rapes	S
rapped	P
raps	S
raptured	P
raptures	S
rarefied	P
rares	s
rarified	P
rashed	P
rashers	s
rashes	S
raspberries	s
rasps	s
ratched	P
ratcheted	P
ratchets	s
rated	P
rates	s
ratified	P
ratifies	S
rationalised	P
rationalized	P
rationalizes	S
rationed	P
rations	s
ratios	s
rats	s
ratted	P
rattled	P
rattles	s
ravaged	P
ravages	s
raved	P
ravens	S
raves	S
ravines	s
ravished	P
rayed	P
rays	s
razed	P
razors	s
reabsorbed	P
reached	P
reaches	s
reacquainted	P
reacquired	P
reacted	P
reactivated	P
reactivates	S
reacts	s
readied	P
readies	S
readjusted	P
readmitted	P
reads	s
reaffirmed	P
reaffirms	S
realigned	P
realised	P
realises	S
realized	P
realizes	S
reallocated	P
reamed	P
reams	S
reanimated	P
reaped	P
reappeared	P
reappears	S
reapplied	P
reappointed	P
reaps	s
reared	P
rearmed	P
rearranged	P
rearranges	S
rearrested	P
rears	s
reasoned	P
reasons	s
reassembled	P
reasserted	P
reasserts	S
reassessed	P
reassigned	P
reassured	P
reassures	S
reattached	P
reauthorized	P
reaves	S
reawakened	P
rebadged	P
rebalanced	P
rebated	P
rebates	s
rebelled	P
rebels	s
rebirths	s
reblogged	P
rebooked	P
rebooted	P
reboots	s
rebounded	P
rebounds	s
rebranded	P
rebrands	s
rebuffed	P
rebuffs	s
rebuilds	s
rebuilt	P
rebuked	P
rebukes	s
reburied	P
rebuts	S
rebutted	P
recalculated	P
recalibrated	P
recalled	P
recalls	s
recanted	P
recapitulated	P
recapitulates	S
recapped	P
recaps	s
recaptured	P
recaptures	s
recasts	s
receded	P
recedes	S
receipts	s
received	P
receives	s
recertified	P
recessed	P
recesses	S
recharged	P
recharges	S
rechecked	P
rechristened	P
reciprocated	P
reciprocates	S
recirculated	P
recited	P
recites	S
reckoned	P
reckons	S
reclaimed	P
reclaims	s
reclassified	P
reclined	P
reclines	s
recluses	s
recoded	P
recognised	P
recognises	S
recognized	P
recognizes	S
recoiled	P
recoils	s
recollected	P
recollects	S
recolored	P
recombined	P
recommenced	P
recommended	P
recommends	S
recommissioned	P
recommitted	P
recompensed	P
recompiled	P
reconciled	P
reconciles	S
reconditioned	P
reconfigured	P
reconfirmed	P
reconnected	P
reconnects	S
reconquered	P
reconsidered	P
reconsiders	S
reconstituted	P
reconstructed	P
reconstructs	S
reconvened	P
reconvenes	S
reconverted	P
recorded	P
records	s
recounted	P
recounts	s
recouped	P
recourses	S
recovered	P
recovers	s
recreated	P
recreates	S
recruited	P
recruits	s
recrystallized	P
recs	S
rectified	P
recuperated	P
recurred	P
recurs	S
recurved	P
recused	P
recycled	P
recycles	s
redacted	P
reddened	P
redecorated	P
rededicated	P
redeemed	P
redeems	S
redefined	P
redefines	S
redeployed	P
redes	s
redesignated	P
redesigned	P
redesigns	s
redeveloped	P
redid	P
redirected	P
redirects	s
rediscovered	P
rediscovers	S
redistributed	P
redistributes	S
redoubled	P
redoubts	s
redrafted	P
redraws	s
redressed	P
redrew	P
reds	s
redshirts	s
reduced	P
reduces	S
reduplicated	P
reeds	S
reefs	s
reeked	P
reeks	S
reelected	P
reeled	P
reels	s
reemerged	P
reenacted	P
reenlisted	P
reentered	P
reenters	S
rees	s
reestablished	P
reevaluated	P
reeves	s
reexamined	P
refashioned	P
refereed	P
referees	s
referenced	P
references	S
referred	P
refers	S
refiled	P
refilled	P
refills	s
refinanced	P
refined	P
refines	S
refinished	P
refits	s
refitted	P
reflected	P
reflects	S
reflexed	P
reflexes	s
refloated	P
refocused	P
reforged	P
reformatted	P
reformed	P
reforms	s
reformulated	P
refracted	P
refracts	S
refrained	P
refrains	S
reframed	P
refreshed	P
refreshes	s
refried	P
refrigerated	P
refs	s
refueled	P
refugees	s
refuges	S
refunded	P
refunds	s
refurbished	P
refused	P
refuses	S
refuted	P
refutes	S
regained	P
regains	S
regaled	P
regarded	P
regards	s
regenerated	P
regenerates	S
regimented	P
regiments	s
regionalized	P
registered	P
registers	s
regressed	P
regresses	S
regrets	S
regretted	P
regrouped	P
regroups	S
regularized	P
regulated	P
regulates	S
regurgitated	P
regurgitates	S
rehabbed	P
rehabilitated	P
rehabilitates	S
rehabs	S
rehashed	P
rehashes	s
rehearsed	P
rehearses	S
reheated	P
rehired	P
rehomed	P
rehoused	P
rehydrated	P
reified	P
reigned	P
reignited	P
reignites	S
reigns	s
reimagined	P
reimagines	S
reimbursed	P
reimburses	S
reimposed	P
reincarnated	P
reincorporated	P
reined	P
reinforced	P
reinforces	S
reins	s
reinserted	P
reinstalled	P
reinstated	P
reinstates	S
reinstituted	P
reintegrated	P
reinterpreted	P
reinterprets	S
reinterred	P
reintroduced	P
reintroduces	S
reinvented	P
reinvents	S
reinvested	P
reinvigorated	P
reissued	P
reissues	s
reiterated	P
reiterates	s
rejected	P
rejects	s
rejoiced	P
rejoices	S
rejoined	P
rejoins	S
rejuvenated	P
rejuvenates	S
rekindled	P
rekindles	S
relapsed	P
relapses	s
related	P
relates	S
relaunched	P
relaunches	s
relaxed	P
relaxes	S
relayed	P
relays	s
released	P
releases	S
relegated	P
relegates	s
relented	P
relents	s
relics	s
relied	P
relies	S
relieved	P
relieves	S
religions	s
relinquished	P
relinquishes	S
relished	P
relishes	S
relisted	P
relived	P
relives	S
reloaded	P
reloads	s
relocated	P
relocates	S
remade	P
remainders	s
remained	P
remains	s
remakes	s
remanded	P
remanufactured	P
remapped	P
remarked	P
remarks	S
remarried	P
remarries	S
remastered	P
remasters	s
rematches	s
remediated	P
remedied	P
remedies	s
remembered	P
remembers	S
reminded	P
reminds	S
reminisced	P
reminisces	s
remits	s
remitted	P
remixed	P
remixes	s
remodeled	P
remodels	s
remonstrated	P
remotes	s
remounted	P
removed	P
removes	s
remunerated	P
renamed	P
renames	s
rendered	P
renders	S
rendezvoused	P
renditions	s
renegades	s
reneged	P
reneges	S
renegotiated	P
renewed	P
renews	s
renominated	P
renounced	P
renounces	s
renovated	P
renowned	P
rented	P
renters	s
rents	S
renumbered	P
reoccupied	P
reopened	P
reopens	S
reordered	P
reorganised	P
reorganized	P
reorganizes	S
reoriented	P
repackaged	P
repacked	P
repaid	P
repainted	P
repaired	P
repairs	S
repatriated	P
repatriates	s
repaved	P
repays	S
repealed	P
repeals	s
repeated	P
repeats	s
repelled	P
repels	S
repented	P
repents	S
repetitions	s
rephrased	P
replaced	P
replaces	S
replanted	P
replayed	P
replays	s
replenished	P
replenishes	S
replicated	P
replicates	s
replied	P
replies	s
repopulated	P
reported	P
reports	s
repos	s
reposed	P
reposes	S
repositioned	P
repossessed	P
reposted	P
reposts	s
repped	P
represented	P
represents	S
repressed	P
represses	s
reprieved	P
reprieves	s
reprimanded	P
reprimands	s
reprinted	P
reprints	s
reprised	P
reprises	S
reproached	P
reproaches	S
reprobates	s
reprocessed	P
reproduced	P
reproduces	S
reprogrammed	P
reproved	P
reps	s
republished	P
repudiated	P
repudiates	S
repulsed	P
repulses	s
repurchased	P
repurchases	s
repurposed	P
reputed	P
requested	P
requests	s
required	P
requires	S
requisitioned	P
requisitions	s
requited	P
rereleased	P
rerouted	P
reruns	s
rescaled	P
rescheduled	P
rescinded	P
rescinds	S
rescued	P
rescues	S
resealed	P
researched	P
researches	S
resected	P
resells	S
resembled	P
resembles	S
resented	P
resents	S
reserved	P
reserves	S
resets	s
resettled	P
reshaped	P
reshapes	S
reshoots	s
reshot	P
reshuffled	P
reshuffles	s
resided	P
resides	S
resigned	P
resigns	S
resins	s
resisted	P
resists	s
resized	P
resold	P
resolved	P
resolves	S
resonated	P
resonates	S
resorted	P
resorts	s
resounded	P
resounds	s
resourced	P
resources	s
respected	P
respects	s
responded	P
responds	s
restarted	P
restarts	s
restated	P
restates	S
rested	P
restocked	P
restocks	S
restored	P
restores	s
restrained	P
restrains	S
restricted	P
restricts	S
restructured	P
restructures	s
rests	s
restyled	P
resubmitted	P
resulted	P
results	s
resumed	P
resumes	s
resupplied	P
resurfaced	P
resurfaces	S
resurrected	P
resurrects	S
resuscitated	P
resuspended	P
retailed	P
retails	s
retained	P
retains	S
retakes	s
retaliated	P
retaliates	S
retarded	P
retards	s
retched	P
retconned	P
retells	S
retested	P
rethinks	s
rethought	P
reticulated	P
retired	P
retires	s
retitled	P
retold	P
retook	P
retooled	P
retorted	P
retorts	s
retouched	P
retraced	P
retraces	s
retracted	P
retracts	S
retrained	P
retransmitted	P
retreads	s
retreated	P
retreats	s
retrenched	P
retried	P
retrieved	P
retrieves	s
retrofits	s
retrofitted	P
retuned	P
returned	P
returns	s
retweeted	P
retweets	s
reunified	P
reunited	P
reunites	S
reupholstered	P
reuploaded	P
reused	P
reuses	S
revalued	P
revamped	P
revamps	s
revealed	P
reveals	s
revelled	P
revels	s
revenged	P
revenges	S
revenues	S
reverberated	P
reverberates	S
reverbs	s
revered	P
reveres	s
reversed	P
reverses	s
reverted	P
reverts	s
reviewed	P
reviews	s
reviled	P
revised	P
revises	s
revisions	s
revisited	P
revisits	s
revitalised	P
revitalized	P
revived	P
revives	S
revoked	P
revokes	s
revolted	P
revolts	s
revolutionised	P
revolutionized	P
revolutionizes	S
revolved	P
revolves	s
revs	s
revved	P
rewarded	P
rewards	s
rewatched	P
rewinds	s
rewired	P
reworded	P
reworked	P
reworks	S
rewound	P
rewrites	s
rewrote	P
rezoned	P
rhymed	P
rhymes	S
ribbed	P
ribbons	s
ribs	s
rices	S
riches	s
ricks	s
rickshaws	s
ricocheted	P
ricochets	s
riddled	P
riddles	s
rides	s
ridged	P
ridges	S
ridiculed	P
ridicules	S
riffed	P
riffles	s
riffs	s
rifled	P
rifles	s
rifts	s
rigged	P
righted	P
rights	S
rigs	s
riled	P
riles	S
rimes	S
rimmed	P
rims	s
rinds	s
ringed	P
rings	s
ringtones	s
rins	S
rinsed	P
rinses	s
rioted	P
riots	s
ripened	P
ripens	S
ripped	P
rippled	P
ripples	s
rips	s
rises	s
risked	P
risks	s
ritts	s
ritualised	P
ritualized	P
rivalled	P
rivals	s
rivers	s
rives	s
riveted	P
rivets	s
roadblocks	s
roadmaps	s
roadshows	s
roamed	P
roams	S
roared	P
roars	s
roasted	P
roasts	s
robbed	P
robed	P
robes	s
robocalls	s
robs	S
rocked	P
rocketed	P
rockets	S
rocks	S
rode	P
rodeos	s
rods	s
rogers	S
rogues	s
roiled	P
roleplays	s
rollbacks	s
rolled	P
rollerblades	s
rollers	S
rollerskates	s
rolls	s
romanced	P
romances	S
romanized	P
romanticised	P
romanticized	P
romped	P
rompers	s
romps	s
roofed	P
roofied	P
roofies	s
roofs	s
rooks	s
roomed	P
rooms	s
roosts	s
rooted	P
rootkits	s
roots	S
roped	P
ropes	S
rosas	s
roses	s
rostered	P
rosters	s
rotated	P
rotates	S
rots	S
rotted	P
rouges	S
roughed	P
roughened	P
roughnecks	s
roughs	s
rounded	P
roundhouses	s
rounds	s
roused	P
rouses	s
routed	P
routers	s
routes	s
routs	S
rowed	P
rows	s
rubbed	P
rubberised	P
rubberized	P
rubbers	S
rubbished	P
rubies	S
rubrics	s
rubs	s
ruched	P
rucks	s
rudiments	s
rued	P
rues	S
ruffed	P
ruffians	s
ruffled	P
ruffles	s
ruffs	s
rugged	P
rugs	s
ruined	P
ruins	s
ruled	P
rulers	s
rules	S
rumbled	P
rumbles	s
ruminates	S
rummaged	P
rumored	P
rumors	s
rumoured	P
rumours	s
rumped	P
rumpled	P
rumps	s
rund	P
runes	s
runnels	s
runs	s
ruptured	P
ruptures	S
ruses	S
rushed	P
rushes	s
rusted	P
rusticated	P
rustled	P
rustles	s
rusts	s
ruts	s
rutted	P
sabers	s
sabotaged	P
sabotages	S
sabres	s
sabs	s
saccades	s
sacked	P
sacks	s
sacraments	s
sacred	P
sacrificed	P
sacrifices	S
sacs	s
saddened	P
saddens	S
saddled	P
saddles	s
sads	s
safaris	s
safed	P
safeguarded	P
safeguards	s
safes	s
safeties	S
sages	s
sagged	P
sags	S
said	P
sailed	P
sails	s
sains	S
sainted	P
saints	S
salamanders	s
salaried	P
salaries	s
sallies	s
salmond	P
salmons	s
salsas	s
salted	P
salts	s
saluted	P
salutes	s
salvaged	P
salvages	S
salves	S
salvos	s
sambas	s
sampled	P
samples	s
sams	S
sanctified	P
sanctifies	S
sanctioned	P
sanctions	s
sandbagged	P
sandbags	s
sandblasted	P
sandboxes	s
sanded	P
sands	S
sandwiched	P
sandwiches	s
sang	P
sanitised	P
sanitized	P
sank	P
sapped	P
saps	s
sardines	s
sashes	s
sat	P
sated	P
satellites	s
sates	S
satiated	P
satins	s
satirised	P
satirized	P
satirizes	S
satisfied	P
satisfies	S
saturated	P
saturates	s
sauced	P
saucers	s
sauces	S
saunas	s
sauntered	P
saunters	s
sausages	S
sauteed	P
sautéed	P
savaged	P
savages	s
saved	P
saves	s
savored	P
savors	s
savoured	P
savours	s
sawed	P
sawmills	s
saws	s
saxes	s
says	s
scabbards	s
scabs	S
scaffolds	s
scalded	P
scalds	s
scaled	P
scales	s
scalloped	P
scallops	s
scalped	P
scalps	s
scammed	P
scampered	P
scampers	s
scamps	s
scams	S
scandalised	P
scandalized	P
scandals	S
scanned	P
scans	s
scapegoated	P
scapegoats	s
scapes	s
scarecrows	s
scared	P
scares	s
scarfed	P
scarfs	S
scarlets	s
scarps	S
scarred	P
scars	s
scats	s
scattered	P
scatters	s
scavenged	P
scavengers	s
scenes	s
scented	P
scents	s
scheduled	P
schedules	s
schemed	P
schemes	s
scholarships	S
schooled	P
schoolgirls	s
schoolmasters	s
schools	s
sciences	S
scimitars	s
scissors	s
scoffed	P
scoffs	s
scolded	P
scolds	s
sconces	s
scones	s
scooped	P
scoops	s
scooted	P
scooters	s
scoots	s
scoped	P
scopes	S
scorched	P
scorches	S
scored	P
scores	s
scorned	P
scorns	s
scotches	s
scoured	P
scourged	P
scourges	s
scours	s
scouted	P
scouts	s
scowled	P
scowls	s
scrambled	P
scrambles	s
scrapbooks	s
scraped	P
scrapes	s
scrapped	P
scraps	s
scratched	P
scratches	S
scrawled	P
screamed	P
screams	s
screeched	P
screeches	S
screeds	s
screened	P
screens	s
screenshots	s
screenshotted	P
screwed	P
screws	s
scribbled	P
scribbles	S
scribed	P
scribes	s
scrimmages	s
scrims	S
scripted	P
scripts	s
scrolled	P
scrolls	s
scrounged	P
scrubbed	P
scrubs	s
scrunched	P
scruples	s
scrutineers	s
scrutinised	P
scrutinized	P
scrutinizes	S
scuds	S
scuffed	P
scuffles	s
scuffs	s
sculls	s
sculpted	P
sculpts	s
sculptured	P
sculptures	S
scums	S
scuppered	P
scuppers	s
scurried	P
scurries	s
scuttled	P
scuttles	s
scythes	s
seagulls	s
sealed	P
seals	s
seamed	P
seams	s
seances	s
searched	P
searches	S
searchlights	s
seared	P
sears	s
seasoned	P
seasons	s
seated	P
seats	s
seceded	P
secluded	P
seconded	P
seconds	s
secretaries	s
secreted	P
secretes	S
secrets	S
sectioned	P
sections	s
secularized	P
secured	P
secures	S
securitized	P
sedated	P
sediments	s
seduced	P
seduces	S
seeded	P
seeds	s
seeks	s
seemed	P
seems	S
seeped	P
seeps	s
sees	s
seethed	P
seethes	S
segmented	P
segments	s
segregated	P
segregates	S
segued	P
segues	s
seines	S
seized	P
seizes	S
selected	P
selects	S
selfies	s
selfs	s
sells	s
semaphores	S
sends	s
sensationalised	P
sensationalized	P
sensed	P
senses	S
sensitised	P
sensitized	P
sent	P
sentenced	P
sentences	s
sentinels	s
separated	P
separates	s
sequenced	P
sequences	S
sequestered	P
serenaded	P
serenades	s
serialised	P
serialized	P
serials	s
sermons	s
serotypes	s
serpents	s
serrated	P
servants	s
served	P
serves	s
serviced	P
services	S
servos	s
sessions	s
sets	s
setters	s
settled	P
settles	s
severed	P
severs	S
sewed	P
sewers	s
sews	S
sexed	P
sexes	S
sexted	P
sexts	s
sexualised	P
sexualized	P
shacked	P
shackled	P
shackles	s
shacks	s
shaded	P
shades	S
shadowbanned	P
shadowed	P
shadows	s
shafted	P
shafts	s
shagged	P
shags	S
shakes	s
shales	S
shallows	s
shambles	s
shamed	P
shames	S
shampooed	P
shampoos	s
shams	s
shanghaied	P
shanked	P
shanks	s
shanties	s
shaped	P
shapes	S
shards	s
shared	P
shares	s
sharks	s
sharpened	P
sharpens	S
sharps	s
sharted	P
shattered	P
shatters	s
shaved	P
shaves	s
shawls	S
sheared	P
shears	S
sheathed	P
sheaths	s
sheaves	s
sheds	s
sheens	S
sheepdogs	s
sheers	s
sheeted	P
sheets	s
shelled	P
shells	s
sheltered	P
shelters	s
shelved	P
shelves	s
shepherded	P
shepherds	S
sheriffs	s
sherpas	S
shewed	P
shied	P
shielded	P
shields	s
shies	s
shifted	P
shifts	s
shills	s
shimmered	P
shimmers	s
shimmied	P
shimmies	s
shims	s
shines	S
shingled	P
shingles	s
shinned	P
shins	s
shipped	P
ships	s
shipwrecked	P
shipwrecks	s
shires	S
shirked	P
shirted	P
shirts	s
shits	S
shivered	P
shivers	s
shoals	s
shocked	P
shocks	S
shod	P
shoehorned	P
shoes	s
shone	P
shooed	P
shoots	s
shoplifted	P
shopped	P
shops	S
shored	P
shores	s
shortchanged	P
shortcuts	s
shorted	P
shortened	P
shortens	S
shorthanded	P
shortlisted	P
shortlists	s
shorts	s
shotguns	S
shots	s
shotted	P
shouldered	P
shoulders	s
shoulds	s
shouted	P
shouts	s
shoved	P
shoveled	P
shovels	s
shoves	s
showcased	P
showcases	s
showed	P
showered	P
showers	s
showrooms	s
shows	S
shrank	P
shredded	P
shreds	s
shrews	s
shrieked	P
shrieks	s
shrimps	s
shrines	s
shrinks	s
shrivelled	P
shrivels	S
shrooms	s
shrouded	P
shrouds	s
shrubs	S
shrugged	P
shrugs	s
shucked	P
shucks	s
shuddered	P
shudders	s
shuffled	P
shuffles	s
shunned	P
shuns	S
shunted	P
shunts	s
shushed	P
shuts	s
shuttered	P
shutters	s
shuttled	P
shuttles	s
shysters	s
sibs	s
sickened	P
sickens	S
sickles	s
sidearms	s
sidebars	S
sideboards	S
sided	P
sidelined	P
sidelines	s
sides	s
sidestepped	P
sidesteps	s
sideswiped	P
sidetracked	P
sidled	P
sieged	P
sieges	s
sies	s
sieved	P
sieves	s
sifted	P
sifts	S
sighed	P
sighs	s
sighted	P
sights	s
signalized	P
signalled	P
signals	s
signed	P
signified	P
signifies	S
signposted	P
signposts	s
signs	s
sikes	s
silenced	P
silences	S
silhouetted	P
silhouettes	s
silks	s
siloed	P
silos	s
silted	P
silts	s
silvered	P
silvers	s
simmered	P
simmers	S
simples	s
simplified	P
simplifies	S
simps	s
simulated	P
simulates	S
sinews	s
singed	P
singled	P
singles	s
sings	s
sinks	S
sinned	P
sins	S
sintered	P
sipes	s
siphoned	P
siphons	s
sipped	P
sips	s
sired	P
sirens	s
sires	s
sirs	S
sissies	s
sisters	s
sited	P
sites	s
sits	s
situated	P
situates	S
sixths	s
sized	P
sizes	S
sizzled	P
sizzles	S
skanks	S
skateboards	S
skated	P
skates	s
skeeters	s
skeets	s
skeins	s
skeletonized	P
skeletons	s
sketched	P
sketches	s
skewed	P
skewered	P
skewers	s
skews	s
skidded	P
skids	s
skied	P
skies	s
skiffs	s
skilled	P
skillets	s
skills	s
skimmed	P
skimmers	s
skimped	P
skims	S
skinks	s
skinned	P
skinnies	s
skins	S
skipped	P
skippered	P
skippers	s
skips	s
skirmishes	s
skirted	P
skirts	s
skis	s
skits	s
skittles	s
skivvies	s
skulled	P
skulls	s
skunked	P
skunks	s
skylarks	s
skylines	s
skyped	P
skyrocketed	P
skyrockets	s
slabs	s
slacked	P
slackened	P
slacks	S
slagged	P
slags	S
slaked	P
slammed	P
slams	S
slandered	P
slanders	s
slanted	P
slants	s
slapped	P
slaps	S
slashed	P
slashes	s
slated	P
slates	S
slathered	P
slats	s
slatted	P
slaughtered	P
slaughters	s
slaved	P
slavers	S
slaves	s
slays	S
sledgehammers	s
sledges	s
sleds	s
sleepers	s
sleeps	S
sleeved	P
sleeves	s
sleighs	s
slept	P
sleuths	s
sliced	P
slices	s
slicked	P
slickers	s
slicks	s
slid	P
slides	S
slighted	P
slights	s
slimed	P
slimes	S
slimmed	P
slims	s
slings	s
slingshots	s
slinks	S
slipped	P
slippers	s
slips	S
slithered	P
slithers	s
slits	s
slivered	P
slivers	s
slogged	P
sloped	P
slopes	S
slopped	P
slops	s
sloshed	P
sloths	s
slots	s
slotted	P
slouched	P
slouches	s
sloughed	P
sloughs	S
slowed	P
slows	s
slugged	P
slugs	s
sluices	s
slumbers	s
slumped	P
slumps	s
slums	S
slung	P
slunk	P
slurped	P
slurps	s
slurred	P
slurries	S
slurs	s
sluts	s
smacked	P
smacks	S
smalls	s
smarted	P
smartened	P
smarts	s
smashed	P
smashes	s
smeared	P
smears	s
smelled	P
smells	S
smelted	P
smiled	P
smiles	s
smirked	P
smirks	s
smites	s
smithies	s
smiths	s
smocks	s
smoked	P
smokes	S
smolders	S
smooches	s
smooshed	P
smoothed	P
smoothes	S
smooths	s
smores	s
smote	P
smothered	P
smothers	s
smudged	P
smudges	S
smuggled	P
smuggles	S
smurfs	s
smushed	P
smuts	S
snacked	P
snacks	s
snafus	s
snagged	P
snags	s
snails	s
snaked	P
snakes	s
snapchats	S
snapped	P
snaps	S
snapshots	S
snared	P
snares	s
snarks	S
snarled	P
snarls	s
snatched	P
snatches	s
sneaked	P
sneaks	s
sneed	P
sneered	P
sneers	s
sneezed	P
sneezes	S
snickered	P
snickers	s
sniffed	P
sniffles	s
sniffs	s
sniggered	P
sniggers	s
sniped	P
snipes	s
snipped	P
snippets	s
snips	s
snitched	P
snitches	s
snookered	P
snooks	s
snooped	P
snoops	s
snoozed	P
snored	P
snores	s
snorkels	s
snorted	P
snorts	s
snouts	s
snowballed	P
snowballs	s
snowboards	s
snowdrops	s
snowed	P
snowflakes	s
snowmobiles	s
snowplows	s
snows	s
snowshoes	s
snubbed	P
snubs	s
snuffed	P
snuffles	s
snuffs	s
snuggled	P
snuggles	s
soaked	P
soaks	s
soaped	P
soaps	s
soared	P
soars	s
sobbed	P
sobered	P
sobers	S
sobs	s
socialised	P
socialized	P
socked	P
socketed	P
sockets	s
socks	s
sodomized	P
sods	S
sofas	s
softened	P
softens	S
soiled	P
soils	S
sojourns	s
sold	P
soldered	P
solders	s
soldiered	P
soldiers	s
soled	P
solemnized	P
soles	s
solicited	P
solicits	s
solidified	P
solidifies	S
soliloquies	S
soloed	P
solutes	s
solutions	s
solved	P
solves	s
somersaults	s
somethings	s
sommeliers	s
sonnets	s
sons	S
soothed	P
soothes	S
sophisticated	P
sophisticates	s
sopranos	s
sops	s
sores	s
sorrows	s
sorted	P
sorties	s
sorts	s
sots	s
sought	P
sould	P
souled	P
soules	s
souls	s
sounded	P
soundproofed	P
sounds	S
soundscapes	s
soundtracks	s
souped	P
soups	S
sourced	P
sources	s
soured	P
sours	S
soused	P
souths	s
souvenirs	s
sovereigns	s
sowed	P
sows	S
spaced	P
spaces	S
spacewalks	s
spades	s
spammed	P
spams	S
spangled	P
spangles	s
spaniels	s
spanked	P
spanks	s
spanned	P
spans	S
spared	P
spares	s
sparked	P
sparkled	P
sparkles	S
sparks	s
sparred	P
spars	s
spasms	s
spats	s
spattered	P
spatters	s
spawned	P
spawns	s
spayed	P
speaks	S
speared	P
spearheaded	P
spearheads	s
spears	s
specialised	P
specialises	S
specialized	P
specializes	S
specials	s
specified	P
specifies	S
speckled	P
speckles	S
specks	s
specs	s
speculated	P
speculates	S
sped	P
speeches	S
speedboats	s
speedruns	s
speeds	S
speers	s
spellbound	P
spelled	P
spells	s
spends	S
spent	P
sperms	s
spewed	P
spews	S
spheres	s
sphinxes	s
spiced	P
spices	S
spiders	s
spiderwebs	s
spied	P
spies	s
spigots	s
spiked	P
spikes	s
spilled	P
spills	s
spindles	s
spins	S
spiraled	P
spirals	s
spires	s
spirited	P
spirits	s
spiritualized	P
spits	s
splashed	P
splashes	s
splats	s
splattered	P
splatters	s
splayed	P
spleens	s
spliced	P
splices	s
splines	s
splintered	P
splinters	s
splints	s
splits	S
splotches	s
splurged	P
splurges	s
spluttered	P
spoiled	P
spoilers	s
spoils	s
spoked	P
spokes	s
sponged	P
sponges	S
sponsored	P
sponsors	S
spoofed	P
spoofs	s
spooked	P
spooks	s
spooled	P
spools	s
spooned	P
spoons	s
spores	s
sported	P
spotlighted	P
spotlights	s
spots	s
spotted	P
spouses	s
spouted	P
spouts	s
sprained	P
sprains	s
sprang	P
sprawled	P
sprawls	s
sprayed	P
sprays	s
spreads	S
spreadsheets	S
sprees	s
sprigs	s
springs	S
sprinkled	P
sprinkles	s
sprinted	P
sprints	s
sprouted	P
sprouts	s
spruced	P
spruces	S
spuds	s
spun	P
spurned	P
spurns	s
spurred	P
spurs	s
spurted	P
spurts	s
sputtered	P
sputters	s
squabbles	s
squads	s
squalls	s
squandered	P
squanders	S
squared	P
squares	s
squashed	P
squashes	s
squats	s
squatted	P
squawked	P
squawks	s
squeaked	P
squeaks	s
squealed	P
squeals	s
squeezed	P
squeezes	s
squelched	P
squibs	s
squids	s
squiggles	s
squinted	P
squints	s
squires	s
squirmed	P
squirms	s
squirreled	P
squirrels	S
squirted	P
squirts	s
squished	P
squishes	S
stabbed	P
stabilised	P
stabilises	S
stabilized	P
stabilizes	S
stabled	P
stables	s
stabs	s
stacked	P
stacks	s
staffed	P
staffs	s
stagecoaches	s
staged	P
stages	s
staggered	P
staggers	s
stagnated	P
stagnates	S
stags	S
stained	P
stains	s
staircases	s
staked	P
stakes	s
stalemated	P
stalemates	S
stalked	P
stalks	s
stalled	P
stalls	s
stammered	P
stammers	s
stamped	P
stampeded	P
stampedes	s
stamps	s
stances	s
stanchions	s
standardised	P
standardized	P
standbys	S
stands	s
stans	s
stapled	P
staples	s
starbursts	s
starched	P
starches	S
stared	P
stares	s
starks	S
starred	P
stars	s
started	P
startled	P
startles	s
starts	s
starved	P
starves	S
stashed	P
stashes	s
stated	P
statements	s
states	s
stationed	P
stations	S
stats	s
statues	s
staved	P
staves	s
stayed	P
stays	s
steadied	P
steadies	s
steaks	s
steals	s
steamboats	s
steamed	P
steamers	s
steamrolled	P
steams	s
steeled	P
steeles	s
steels	s
steeped	P
steeples	s
steeps	s
steered	P
steers	s
steeves	s
stemmed	P
stems	s
stencilled	P
stencils	s
stents	s
stepped	P
steps	s
stereos	s
stereotyped	P
stereotypes	S
sterilised	P
sterilized	P
stethoscopes	s
stevedores	s
steves	s
stewards	S
stewed	P
stews	S
sticked	P
stickers	s
stickies	s
sticks	S
stiffed	P
stiffened	P
stiffens	S
stiffs	s
stifled	P
stifles	s
stigmatised	P
stigmatized	P
stigmatizes	S
stiles	s
stilettos	s
stilled	P
stills	s
stilted	P
stilts	s
stimulated	P
stimulates	S
stings	s
stinks	s
stints	s
stipends	s
stippled	P
stipulated	P
stipulates	S
stirred	P
stirs	S
stitched	P
stitches	s
stockades	S
stocked	P
stockpiled	P
stockpiles	s
stocks	S
stoked	P
stokes	s
stole	P
stomachs	s
stomped	P
stomps	s
stoned	P
stones	S
stonewalled	P
stood	P
stooges	s
stools	S
stooped	P
stoped	P
stopes	s
stopped	P
stoppers	s
stops	s
storages	S
stored	P
storehouses	s
stores	s
storied	P
stories	s
stormed	P
storms	s
storyboards	s
stotts	S
stoves	s
stowed	P
stows	s
straddled	P
straddles	s
strafed	P
straightened	P
straightens	S
straights	s
strained	P
strains	s
straitened	P
straitjackets	s
straits	s
stranded	P
strands	s
strangers	s
strangled	P
strangles	s
strangulated	P
strapped	P
straps	S
stratified	P
strawberries	S
straws	s
strayed	P
strays	s
streaked	P
streaks	s
streamed	P
streamlined	P
streamlines	s
streams	S
streets	s
strengthened	P
strengthens	S
strengths	s
stressed	P
stresses	S
stretched	P
stretchered	P
stretchers	S
stretches	s
striated	P
strides	S
strikeouts	s
strikes	s
strings	S
striped	P
stripes	s
stripped	P
strips	S
strives	s
strobes	s
strode	P
stroked	P
strokes	S
strolled	P
strolls	s
strove	P
struck	P
structured	P
structures	S
struggled	P
struggles	s
strummed	P
strums	s
strung	P
struts	s
strutted	P
stubbed	P
stubs	s
stuccoed	P
studded	P
studied	P
studies	S
studs	s
stuffed	P
stuffs	s
stumbled	P
stumbles	s
stumped	P
stumps	s
stung	P
stunned	P
stuns	S
stunted	P
stunts	s
stupefied	P
stuttered	P
stutters	s
styled	P
styles	S
stylised	P
stylized	P
stymied	P
subbed	P
subclasses	s
subcontracted	P
subcontracts	s
subcultures	s
subdivided	P
subdivides	S
subdivisions	s
subducted	P
subdued	P
subdues	S
subgroups	s
subjected	P
subjects	s
subjugated	P
sublimated	P
submarines	S
submerged	P
submerges	S
submersed	P
submits	S
submitted	P
subnets	s
subordinated	P
subordinates	s
subplots	S
subpoenaed	P
subpoenas	s
subs	s
subscribed	P
subscribes	S
subscripts	s
subsections	s
subsets	s
subsided	P
subsides	S
subsidised	P
subsidized	P
subsidizes	S
subsisted	P
subsists	S
substances	S
substantiated	P
substantiates	S
substituted	P
substitutes	s
substrates	s
subsumed	P
subsumes	S
subtended	P
subtitled	P
subtitles	s
subtracted	P
subtracts	S
subtypes	S
subverted	P
subverts	s
subways	s
succeded	P
succeeded	P
succeeds	S
succumbed	P
succumbs	S
sucked	P
suckered	P
suckers	s
suckled	P
suckles	s
sucks	s
sued	P
sues	S
suffered	P
suffers	S
sufficed	P
suffices	S
suffixed	P
suffixes	s
suffocated	P
suffocates	S
suffused	P
sugarcoated	P
sugared	P
sugars	s
suggested	P
suggests	S
suicided	P
suicides	S
suitcases	s
suited	P
suitors	s
suits	S
sulfates	s
sulked	P
sulks	s
sullied	P
sulphates	s
summarised	P
summarises	S
summarized	P
summarizes	S
summed	P
summers	S
summited	P
summits	s
summoned	P
summonses	s
sums	s
sunburned	P
sunburns	s
sundered	P
sundowns	s
suns	s
sunsets	S
superannuated	P
superceded	P
supercedes	S
supercharged	P
supercooled	P
superheated	P
superimposed	P
superintended	P
superposed	P
supers	s
supersaturated	P
superseded	P
supersedes	s
supersized	P
supervised	P
supervises	S
supped	P
suppers	S
supplanted	P
supplants	S
supplemented	P
supplements	s
supplied	P
supplies	S
supported	P
supports	s
supposed	P
supposes	S
suppressed	P
suppresses	S
supremes	s
sups	s
surcharges	s
surfaced	P
surfaces	S
surfboards	S
surfed	P
surfs	S
surged	P
surges	s
surmised	P
surmises	S
surmounted	P
surmounts	S
surnamed	P
surnames	s
surpassed	P
surpasses	S
surpluses	S
surprised	P
surprises	S
surprized	P
surrendered	P
surrenders	s
surrogates	s
surrounded	P
surrounds	s
surveilled	P
surveyed	P
surveys	S
survived	P
survives	S
suspected	P
suspects	S
suspended	P
suspends	S
suspicions	s
sussed	P
sustained	P
sustains	S
sutured	P
sutures	S
swabbed	P
swabs	s
swaddled	P
swaggered	P
swags	s
swales	s
swallowed	P
swallows	S
swam	P
swamped	P
swamps	s
swans	s
swapped	P
swaps	s
swarmed	P
swarms	S
swatched	P
swatches	s
swathed	P
swathes	s
swats	s
swatted	P
swayed	P
sways	s
swears	s
sweated	P
sweaters	s
sweats	S
swedes	s
sweeps	s
sweetened	P
sweetens	S
sweets	s
swelled	P
swells	S
swerved	P
swerves	s
swigs	s
swims	s
swindled	P
swindles	s
swings	S
swiped	P
swipes	S
swirled	P
swirls	s
swished	P
swishes	s
switchbacks	s
switched	P
switches	s
swiveled	P
swivels	S
swooned	P
swoons	s
swooped	P
swoops	s
swore	P
swung	P
sycophants	s
syllables	s
symbolised	P
symbolises	S
symbolized	P
symbolizes	S
symbols	s
sympathised	P
sympathises	S
sympathized	P
sympathizes	S
synapses	S
synched	P
synchronised	P
synchronized	P
synchronizes	S
syncopated	P
syncs	S
syndicated	P
syndicates	s
synthesised	P
synthesized	P
synthesizes	S
synths	S
syringes	s
systematized	P
séances	s
tabbed	P
tabernacles	s
tabled	P
tables	s
tablets	s
taboos	s
tabs	s
tabulated	P
tacked	P
tackled	P
tackles	S
tacks	s
tacos	s
tagged	P
taglines	s
tags	s
tailed	P
tailgates	s
tailored	P
tailors	s
tails	s
tailwinds	s
tainted	P
taints	s
takes	s
tales	s
talked	P
talks	s
tallied	P
tallies	s
tamed	P
tames	S
tamped	P
tampered	P
tampers	s
tampons	s
tangled	P
tangles	s
tangs	s
tanked	P
tankers	s
tanks	s
tanned	P
tans	s
tantrums	s
taped	P
tapered	P
tapers	s
tapes	S
tapestries	S
tapped	P
taps	s
tares	s
targeted	P
targets	s
tariffs	S
tarnished	P
tarnishes	S
tarps	s
tarred	P
tars	s
tartans	S
tarted	P
tarts	s
tased	P
tasered	P
tasers	s
tasked	P
tasks	s
tassels	s
tasted	P
tastes	S
tats	S
tatted	P
tattered	P
tatters	s
tattooed	P
tattoos	s
taught	P
taunted	P
taunts	s
taxed	P
taxes	S
taxicabs	S
taxidermied	P
taxied	P
teabags	s
teaches	s
teamed	P
teams	s
tears	s
teas	S
teased	P
teases	s
teds	s
teed	P
teemed	P
teems	S
teens	s
teepees	s
tees	s
teetered	P
teeters	s
telecasts	s
telegrams	s
telegraphed	P
telegraphs	S
telepaths	s
telephoned	P
telephones	S
teleported	P
teleports	s
telescopes	s
televised	P
televisions	s
tells	s
tempered	P
tempers	s
tempests	s
templated	P
templates	s
temples	s
temps	S
tempted	P
tempts	S
tenanted	P
tenants	S
tended	P
tendered	P
tenders	S
tends	S
tenons	s
tensed	P
tenses	s
tensioned	P
tensions	S
tensors	s
tented	P
tenths	s
tents	s
tenured	P
tenures	S
termed	P
terminals	s
terminated	P
terminates	S
termites	s
terms	s
terps	s
terraced	P
terraces	s
terraformed	P
terrified	P
terrifies	S
terrorised	P
terrorized	P
terrorizes	S
tessellated	P
tested	P
testified	P
testifies	S
tests	s
tethered	P
tethers	s
texted	P
texts	S
textured	P
textures	S
thanked	P
thanks	s
thatched	P
thawed	P
thaws	s
themed	P
themes	s
theorems	s
theorised	P
theorized	P
theorizes	S
therapies	S
thermals	s
thickened	P
thickens	S
thieves	S
things	s
thinks	S
thinned	P
thins	s
thirds	s
thirsted	P
thirsts	s
thorns	s
thought	P
thous	s
thralls	s
thrashed	P
thrashes	S
threaded	P
threads	s
threatened	P
threatens	S
threats	s
threw	P
thrifted	P
thrifts	s
thrilled	P
thrills	s
thrives	S
throated	P
throats	s
throbbed	P
throbs	s
throes	s
thrones	s
thronged	P
throngs	s
throttled	P
throttles	s
throws	s
thrusts	S
thuds	s
thugs	s
thumbed	P
thumbnails	s
thumbs	s
thumbtacks	S
thumped	P
thumps	s
thundered	P
thunders	s
thunderstruck	P
thwarted	P
thwarts	S
ticked	P
ticketed	P
tickets	s
tickled	P
tickles	s
ticks	s
tics	s
tides	s
tidied	P
tidies	s
tied	P
tiered	P
tiers	s
ties	s
tiffs	s
tightened	P
tightens	S
tights	S
tiled	P
tiles	s
tilled	P
tillers	s
tills	s
tilted	P
tilts	s
timbered	P
timbers	s
timed	P
timelines	s
timeslots	s
timestamps	s
timetabled	P
timetables	S
tinctures	s
tines	s
tinged	P
tinges	s
tingled	P
tingles	s
tings	s
tinkered	P
tinkers	s
tinkles	s
tinned	P
tins	S
tinted	P
tints	s
tipped	P
tips	s
tiptoed	P
tiptoes	s
tirades	s
tired	P
tires	s
tissues	S
titers	s
tithes	s
titillated	P
titled	P
titles	s
titrated	P
titres	s
tits	s
titted	P
toadies	s
toads	s
toasted	P
toasts	s
tobaccos	s
tods	s
toed	P
toenails	s
toes	s
toffees	S
toggled	P
toggles	s
togs	s
toiled	P
toilets	s
toils	s
tokenized	P
tokens	s
tokes	s
told	P
tolerated	P
tolerates	S
toles	S
tolled	P
tolls	s
tomahawks	s
tomatoes	s
tomatos	s
tombs	s
tombstones	s
tomcats	s
tommies	S
toms	s
toned	P
tones	s
tongs	s
tongued	P
tongues	s
tonks	s
took	P
tooled	P
tools	s
tooted	P
toothbrushes	s
toothed	P
toothpicks	s
toots	S
topped	P
toppled	P
topples	S
tops	S
torched	P
torches	s
tore	P
tormented	P
torments	s
torpedoed	P
torpedoes	S
torqued	P
torques	S
torrents	s
tortured	P
tortures	S
tossed	P
tosses	s
totalled	P
totals	s
toted	P
totes	s
tots	s
touched	P
touches	S
toughed	P
toughened	P
toughens	S
toughs	s
toured	P
tourneys	s
tours	s
tousled	P
touted	P
touts	S
towed	P
towels	S
towered	P
towers	s
tows	S
toyed	P
toys	s
traced	P
traces	S
tracked	P
tracks	s
tractors	s
tracts	s
traded	P
trademarked	P
trademarks	s
trades	S
traditions	s
trafficked	P
traffics	S
trailed	P
trailers	s
trails	S
trained	P
trains	s
traipsed	P
traitors	s
tramped	P
trampled	P
tramples	s
trampolines	s
tramps	s
trams	s
trances	S
tranches	s
tranquilized	P
transacted	P
transcended	P
transcends	S
transcribed	P
transcribes	S
transcripts	s
transduced	P
transected	P
transects	S
transfected	P
transferred	P
transfers	S
transfigured	P
transfixed	P
transformed	P
transforms	s
transfused	P
transgendered	P
transgenders	s
transgressed	P
transgresses	S
transistorized	P
transited	P
transitioned	P
transitions	s
transits	s
translated	P
translates	s
transliterated	P
translocated	P
transmits	S
transmitted	P
transmuted	P
transmutes	S
transpired	P
transpires	S
transplanted	P
transplants	s
transported	P
transports	s
transposed	P
transposes	s
transpositions	s
trapped	P
traps	S
trashed	P
trashes	S
traumatised	P
traumatized	P
travails	s
travelled	P
travels	S
traversed	P
traverses	s
travesties	s
trawled	P
trawls	s
trays	s
treads	S
treasured	P
treasures	S
treated	P
treats	s
trebled	P
trebles	s
treed	P
trees	s
trekked	P
treks	s
trellises	s
trembled	P
trembles	s
tremors	s
trenches	s
trended	P
trends	s
trespassed	P
trespasses	S
tresses	s
triaged	P
trialled	P
trials	S
triangulated	P
tribes	s
tributes	S
tricked	P
trickled	P
trickles	s
tricks	s
tricycles	s
tried	P
tries	s
trifled	P
trifles	S
triggered	P
triggers	s
trikes	s
trilled	P
trills	s
trimmed	P
trims	S
trinkets	s
tripled	P
triples	s
tripods	s
tripped	P
trips	s
tripwires	s
triumphed	P
triumphs	s
trivialized	P
trivializes	S
trojans	s
trolled	P
trolleys	S
trollies	s
trolls	s
trombones	s
trooped	P
troopers	s
troops	s
tropes	s
trophies	s
trots	s
trotted	P
troubled	P
troubles	S
troughs	s
trounced	P
troupes	s
trousers	S
trouts	s
trowels	s
truants	s
trucked	P
trucks	S
trudged	P
trumped	P
trumpeted	P
trumpets	s
trumps	s
truncated	P
truncheons	s
trundled	P
trunked	P
trunks	s
trussed	P
trusses	s
trusted	P
trustees	s
trusts	s
truths	s
trysts	s
tubed	P
tubes	s
tubs	s
tucked	P
tuckered	P
tuckers	S
tucks	s
tufted	P
tufts	s
tugged	P
tugs	s
tumbled	P
tumbles	s
tuned	P
tunes	S
tunnelled	P
tunnels	s
tuns	s
turbocharged	P
turbos	S
turfed	P
turfs	s
turmoils	s
turned	P
turnips	s
turnpikes	s
turns	s
turntables	s
turtles	s
tusks	s
tussled	P
tussles	s
tutored	P
tutors	S
tuts	s
tutus	s
twats	s
tweaked	P
tweaks	s
tweens	s
tweeps	s
tweeted	P
tweets	s
tweezers	s
twerked	P
twigged	P
twigs	S
twilights	S
twined	P
twinges	s
twinkled	P
twinkles	s
twinks	s
twinned	P
twins	s
twirled	P
twirls	s
twisted	P
twists	s
twitched	P
twitches	S
twits	s
twitters	s
tynes	S
typed	P
types	s
typhoons	s
typified	P
typifies	S
typos	s
tyrants	s
tyred	P
tyres	s
uggs	s
uglies	S
ugs	s
ulcerated	P
uls	s
ultimates	S
ultrasounds	s
umbers	s
umbrellas	s
umpired	P
umpires	s
umps	s
ums	S
unabated	P
unaccepted	P
unaccustomed	P
unacknowledged	P
unacquainted	P
unaddressed	P
unadorned	P
unaffected	P
unaffiliated	P
unaltered	P
unapproved	P
unarmed	P
unasked	P
unassembled	P
unassigned	P
unauthorized	P
unbalanced	P
unbanked	P
unbanned	P
unbaptized	P
unbiased	P
unblocked	P
unbound	P
unbowed	P
unboxed	P
unbridled	P
unbuckled	P
unbuilt	P
unbundled	P
unburdened	P
unburied	P
unburned	P
unbuttoned	P
uncaged	P
uncapped	P
uncared	P
uncategorized	P
uncaused	P
uncensored	P
unchained	P
unchanged	P
uncharged	P
unchecked	P
unclaimed	P
unclassified	P
uncles	s
unclipped	P
unclothed	P
unclouded	P
uncluttered	P
uncoated	P
uncolored	P
uncommitted	P
uncomplicated	P
uncompressed	P
unconditioned	P
unconfined	P
unconfirmed	P
unconnected	P
unconstrained	P
unconvinced	P
uncooked	P
uncorked	P
uncoupled	P
uncovered	P
uncovers	S
uncreated	P
uncredited	P
uncrossed	P
uncrowned	P
uncured	P
undecided	P
undeclared	P
undecorated	P
undefined	P
underachieved	P
underappreciated	P
underarms	s
underclothes	S
undercooked	P
undercurrents	s
undercuts	s
underdeveloped	P
underdressed	P
undereducated	P
underestimated	P
underestimates	s
underexposed	P
underfed	P
underfunded	P
undergoes	S
underhanded	P
underinsured	P
underlies	S
underlined	P
underlines	s
undermanned	P
undermined	P
undermines	S
undernourished	P
underpaid	P
underparts	s
underperformed	P
underpinned	P
underpins	S
underplayed	P
underpowered	P
underpriced	P
underrated	P
underreported	P
underrepresented	P
underscored	P
underscores	s
underserved	P
undershot	P
undersigned	P
undersold	P
understaffed	P
understands	S
understated	P
understates	S
understood	P
understudied	P
understudies	s
undertakes	S
undertones	S
undertook	P
underused	P
underutilized	P
undervalued	P
undervalues	s
underwent	P
underwhelmed	P
underwrites	S
underwrote	P
undeserved	P
undid	P
undies	s
undignified	P
undirected	P
undisclosed	P
undiscovered	P
undisguised	P
undistorted	P
undocked	P
undocumented	P
undoes	S
undreamed	P
undressed	P
undresses	S
undulated	P
undyed	P
unearned	P
unearthed	P
unearths	S
unedited	P
uneducated	P
unelected	P
unemployed	P
unencrypted	P
unencumbered	P
unequipped	P
unexpired	P
unexploded	P
unfastened	P
unfenced	P
unfettered	P
unfilled	P
unfiltered	P
unfired	P
unfixed	P
unfocused	P
unfolded	P
unfolds	s
unfollowed	P
unformed	P
unfounded	P
unframed	P
unfriended	P
unfulfilled	P
unfurled	P
unfurls	S
unfurnished	P
unglazed	P
unglued	P
ungrounded	P
unguarded	P
unhealed	P
unheard	P
unheeded	P
unhinged	P
unhooked	P
unicorns	s
unicycles	s
unified	P
unifies	S
uniformed	P
uniforms	S
unimagined	P
unimpressed	P
unincorporated	P
uninformed	P
uninspired	P
uninstalled	P
uninvited	P
uninvolved	P
unionised	P
unionized	P
unions	s
united	P
unites	s
unjustified	P
unlatched	P
unleaded	P
unlearned	P
unleashed	P
unleashes	S
unlicensed	P
unliked	P
unlimited	P
unlined	P
unlinked	P
unlisted	P
unloaded	P
unloads	S
unlocked	P
unlocks	s
unloved	P
unmade	P
unmanaged	P
unmanned	P
unmapped	P
unmarked	P
unmarried	P
unmasked	P
unmasks	S
unmatched	P
unmentioned	P
unmixed	P
unmoored	P
unmotivated	P
unmounted	P
unmoved	P
unnerved	P
unnerves	S
unnoticed	P
unordered	P
unpacked	P
unpacks	S
unpaid	P
unpainted	P
unpaired	P
unpatched	P
unpaved	P
unpeeled	P
unplaced	P
unplanned	P
unplugged	P
unplugs	S
unpolished	P
unpolluted	P
unpowered	P
unpredicted	P
unprepared	P
unprincipled	P
unprotected	P
unprovoked	P
unpublished	P
unqualified	P
unrated	P
unravelled	P
unravels	S
unreached	P
unrealised	P
unrealized	P
unrecognised	P
unrecognized	P
unreconstructed	P
unrecorded	P
unredacted	P
unredeemed	P
unregistered	P
unregulated	P
unrelated	P
unreleased	P
unremembered	P
unreserved	P
unresolved	P
unrestored	P
unrestrained	P
unrestricted	P
unrolled	P
unrounded	P
unruffled	P
unsaid	P
unsatisfied	P
unsaved	P
unscheduled	P
unschooled	P
unscreened	P
unscrewed	P
unsealed	P
unseasoned	P
unseated	P
unselected	P
unsent	P
unsettled	P
unsettles	S
unshackled	P
unshared	P
unsheathed	P
unsigned	P
unsold	P
unsolved	P
unsorted	P
unspecified	P
unspent	P
unspoiled	P
unstated	P
unstressed	P
unstrung	P
unstuck	P
unsubscribed	P
unsubstantiated	P
unsuited	P
unsullied	P
unsurprised	P
unsweetened	P
untagged	P
untainted	P
untamed	P
untangled	P
untapped	P
untaxed	P
untethered	P
untied	P
unties	S
untimed	P
untold	P
untouched	P
untracked	P
untrained	P
untrammelled	P
untrimmed	P
untucked	P
unturned	P
unveiled	P
unveils	S
unverified	P
unvoiced	P
unwatched	P
unweighted	P
unwelcomed	P
unwinds	s
unwound	P
unwrapped	P
unwraps	S
unzipped	P
unzips	S
upbraided	P
upcycled	P
updated	P
updates	s
upended	P
upends	S
upfronts	s
upgraded	P
upgrades	s
upheld	P
upholds	S
upholstered	P
uplifted	P
uplifts	s
uplinks	s
uploaded	P
uploads	s
upped	P
uppercuts	S
upraised	P
uprated	P
upregulated	P
uprights	s
uprooted	P
ups	s
upscaled	P
upsets	S
upshot	P
upstaged	P
upstarts	s
upturned	P
upvoted	P
upvotes	s
urbanised	P
urbanized	P
urged	P
urges	s
urinated	P
urinates	S
urns	s
used	P
uses	S
ushered	P
ushers	s
usurped	P
usurps	S
utilised	P
utilises	S
utilized	P
utilizes	S
uttered	P
utters	S
vacated	P
vacates	S
vacationed	P
vacations	s
vaccinated	P
vacillated	P
vacuumed	P
vacuums	s
vagabonds	s
valets	s
validated	P
validates	S
valued	P
values	S
valved	P
valves	s
vamped	P
vampires	s
vamps	s
vandalised	P
vandalized	P
vanished	P
vanishes	s
vanquished	P
vans	s
vapes	s
vaporised	P
vaporized	P
vaporizes	S
vapors	s
vapours	s
varied	P
variegated	P
varies	S
varnished	P
varnishes	S
vascularized	P
vassals	S
vats	s
vaulted	P
vaults	s
vaunted	P
vectored	P
vectors	s
veered	P
veers	s
vegetated	P
veiled	P
veils	s
veined	P
veins	s
velvets	s
vendors	s
veneered	P
veneers	s
venerated	P
venerates	S
venoms	s
vented	P
ventilated	P
vents	s
ventured	P
ventures	s
verbalized	P
verbals	s
verbs	s
verged	P
verges	s
verified	P
verifies	S
veronicas	s
versed	P
verses	s
versions	s
vessels	s
vested	P
vestibules	s
vests	s
vetoed	P
vetoes	s
vets	s
vetted	P
vexed	P
vexes	s
vials	s
vibes	s
vibrated	P
vibrates	S
vices	s
victimised	P
victimized	P
victories	S
victuals	s
videoed	P
videotaped	P
videotapes	s
vides	S
vied	P
vies	s
viewed	P
views	s
vignettes	s
vilified	P
vilifies	S
villains	S
vindicated	P
vindicates	S
vinegars	s
vintages	S
violated	P
violates	S
violins	s
viols	s
vires	s
virtualized	P
visas	s
visioned	P
visions	s
visited	P
visits	s
vistas	s
visualised	P
visualized	P
visualizes	S
vitiated	P
vitrified	P
vittles	s
vivas	s
vlogs	s
vocalized	P
vocalizes	S
voiced	P
voiceovers	s
voices	s
voided	P
voids	s
voles	s
volleyed	P
volleys	s
volumes	S
volunteered	P
volunteers	s
vomited	P
vomits	s
voted	P
votes	s
vouched	P
vouchers	s
vouches	s
vowed	P
vowels	s
vows	s
voyaged	P
voyages	s
vulcanized	P
vultures	s
wadded	P
waddled	P
waddles	s
waded	P
wades	s
wads	s
wafers	s
waffled	P
waffles	s
wafted	P
wafts	s
waged	P
wagered	P
wagers	s
wages	s
wagged	P
waggons	s
wagons	s
wags	s
wailed	P
wails	s
waited	P
waites	S
waitlisted	P
waitresses	s
waits	s
waived	P
waivers	s
waives	s
wakened	P
wakes	s
wales	s
walked	P
walks	s
walled	P
wallflowers	s
walloped	P
wallops	s
wallowed	P
wallows	s
wallpapered	P
wallpapers	s
walls	s
walters	S
waltzed	P
waltzes	s
wandered	P
wanders	s
wands	s
waned	P
wanes	s
wangs	s
wanked	P
wanks	s
wanted	P
wants	s
warbles	S
warded	P
wardens	s
wardrobes	s
wards	s
warehoused	P
warehouses	s
wares	S
wargames	s
wargs	s
warmed	P
warmongers	S
warms	s
warned	P
warnes	S
warns	S
warped	P
warps	s
warranted	P
warranties	S
warrants	s
warred	P
wars	S
was	P
washed	P
washers	s
washes	s
wasn't	P
wasted	P
wastes	S
watchdogs	s
watched	P
watches	s
watchlists	s
waterboarded	P
watercolours	s
watered	P
waterfalls	s
waterlogged	P
watermarked	P
watermarks	S
waterproofed	P
waterproofs	s
waters	s
wattles	S
waved	P
waveguides	s
wavered	P
wavers	s
waves	s
waxed	P
waxes	S
waylaid	P
ways	s
weakened	P
weakens	S
weaned	P
weans	s
weaponised	P
weaponized	P
wearied	P
wears	s
weasels	s
weathered	P
weathers	s
weaves	s
webbed	P
webcams	s
webcasts	s
webs	s
wedded	P
weddings	s
wedged	P
wedges	s
wedgies	s
weds	S
weeded	P
weeds	S
weekends	s
weeps	s
wees	S
weighed	P
weighs	S
weighted	P
weights	s
weirded	P
weirds	s
welcomed	P
welcomes	s
welded	P
welds	S
welled	P
wells	s
welts	s
wenches	s
wends	s
went	P
wept	P
were	P
weren't	P
westernised	P
westernized	P
wests	s
wets	S
whacked	P
whacks	s
whales	s
wharfs	s
wharves	S
wheelbarrows	s
wheeled	P
wheelies	s
wheels	S
wheezed	P
wheezes	s
whelmed	P
whelps	s
whets	s
whetted	P
whiffed	P
whiffs	s
whigs	S
whiles	s
whimpered	P
whimpers	s
whims	S
whined	P
whines	s
whipped	P
whips	s
whirled	P
whirlpools	s
whirls	s
whisked	P
whisks	s
whispered	P
whispers	S
whistled	P
whistles	S
whited	P
whitelisted	P
whitened	P
whites	S
whitewashed	P
whitewashes	S
whittled	P
whittles	s
whizzed	P
whizzes	s
wholesales	S
whooped	P
whoops	s
whooshed	P
whored	P
whores	s
whorled	P
whorls	s
wicked	P
wicks	s
widened	P
widens	S
widowed	P
widows	s
wielded	P
wields	S
wigged	P
wiggled	P
wiggles	s
wigs	s
wikis	s
wildcats	S
wilders	S
wilds	s
wiles	s
willd	P
willed	P
willes	s
willows	s
wills	s
wilted	P
wilts	s
wimps	s
winced	P
winces	s
winched	P
winches	s
winded	P
winders	s
windmills	s
windowed	P
windows	s
winds	s
windscreens	s
windshields	S
wined	P
wines	S
winged	P
wings	s
winked	P
winkles	s
winks	s
winnowed	P
wins	s
wintered	P
winters	s
wiped	P
wipes	s
wired	P
wireframes	s
wires	S
wiretapped	P
wiretaps	s
wisecracks	s
wised	P
wished	P
wishes	s
wisps	s
witches	s
withdraws	S
withdrew	P
withered	P
withers	s
withheld	P
withholds	S
withstands	S
withstood	P
witnessed	P
witnesses	s
wives	S
wizards	s
wizened	P
wobbled	P
wobbles	s
wogs	s
woke	P
woks	s
wolfed	P
wolfs	S
wolves	s
womans	s
wombles	s
wombs	s
wondered	P
wonders	s
wongs	s
wooded	P
woods	S
wooed	P
woos	S
worded	P
words	s
wordsmiths	s
wore	P
worked	P
works	S
worksheets	s
workshops	s
worlds	s
wormed	P
wormholes	s
worms	s
worried	P
worries	S
worsened	P
worsens	S
worshipped	P
worships	S
worsted	P
worthies	s
worths	S
would	P
wounded	P
wounds	s
wove	P
wowed	P
wows	s
wracked	P
wrangled	P
wrangles	s
wrapped	P
wraps	s
wreaked	P
wreaks	s
wreathed	P
wreaths	s
wrecked	P
wrecks	s
wrenched	P
wrenches	s
wrested	P
wrestled	P
wrestles	s
wretched	P
wretches	s
wriggled	P
wriggles	s
wrights	s
wrings	s
wrinkled	P
wrinkles	s
wristed	P
wrists	s
writes	s
writhed	P
writhes	s
wronged	P
wrongs	S
wrote	P
wrung	P
xenografts	s
yachts	s
yahoos	s
yaks	s
yangs	S
yanked	P
yanks	s
yaps	S
yards	s
yarns	s
yawned	P
yawns	s
yaws	s
yearned	P
yearns	s
yeasts	s
yelled	P
yellowed	P
yellows	S
yells	s
yelped	P
yelps	s
yeses	s
yielded	P
yields	S
yips	s
yogis	s
yoked	P
yokes	s
yorks	S
yotes	s
youd	P
youngs	s
yous	S
yoyos	s
zagged	P
zags	s
zapped	P
zaps	s
zeds	s
zephyrs	s
zeroed	P
zeroes	S
zigzagged	P
zigzags	s
zings	s
zipped	P
zippered	P
zippers	s
zips	s
zombified	P
zoned	P
zones	s
zonked	P
zoomed	P
zooms	s
